,customer_id,first_name,last_name,gender,past_3_years_bike_related_purchases,DOB,job_title,job_industry_category,wealth_segment,deceased_indicator,owns_car,tenure,address,postcode,state,country,property_valuation
851,852,Andie,Bonney,Female,37,2000-11-04,Compensation Analyst,Financial Services,Affluent Customer,N,Yes,2.0,641 Waywood Lane,2336.0,NSW,Australia,7.0
868,869,Addia,Abels,Female,7,1984-03-11,Account Representative I,Financial Services,High Net Worth,N,Yes,10.0,6712 Nova Crossing,2065.0,NSW,Australia,10.0
1372,1373,Shaylynn,Epsley,Female,3,1958-09-23,Director of Sales,Financial Services,Mass Customer,N,Yes,12.0,939 Hermina Drive,3198.0,VIC,Australia,8.0
2073,2074,Roslyn,Rawdall,Female,90,1997-06-11,Environmental Tech,Financial Services,Mass Customer,N,No,4.0,0442 Debra Point,2281.0,NSW,Australia,7.0
2659,2660,Hunt,Scollard,Male,44,1963-11-15,VP Marketing,Retail,High Net Worth,N,Yes,19.0,68128 Leroy Street,4213.0,QLD,Australia,8.0
3228,3229,Carrol,Gheorghie,Male,69,1964-10-18,Sales Representative,Retail,High Net Worth,N,Yes,6.0,2 Del Sol Circle,3012.0,VIC,Australia,1.0
3235,3236,Edsel,Arguile,Male,37,1993-04-01,Assistant Manager,Manufacturing,Mass Customer,N,Yes,5.0,1 Roth Pass,3199.0,VIC,Australia,4.0
3500,3501,Kayla,Alentyev,Female,63,1970-01-19,Operator,Telecommunications,Mass Customer,N,Yes,18.0,16 Carberry Pass,2119.0,NSW,Australia,11.0
3501,3502,Wilfrid,Cleaves,Male,5,1997-10-16,Senior Sales Associate,Retail,High Net Worth,N,Yes,3.0,12 Elgar Place,2155.0,NSW,Australia,10.0
3502,3503,Tootsie,Rafter,Female,53,1979-03-12,Financial Advisor,Financial Services,Affluent Customer,N,Yes,10.0,8749 Menomonie Point,2122.0,NSW,Australia,11.0
3503,3504,Keriann,Perdue,Female,39,1963-07-06,Business Systems Development Analyst,Manufacturing,Mass Customer,N,Yes,6.0,18072 American Parkway,3195.0,VIC,Australia,10.0
3504,3505,Dolly,Scallan,Female,41,1974-08-06,Web Designer I,Retail,Mass Customer,N,No,14.0,5854 Weeping Birch Avenue,2022.0,NSW,Australia,10.0
3505,3506,Mercy,Donisi,Female,19,1975-06-18,Web Designer I,Financial Services,Mass Customer,N,No,15.0,2 Clarendon Point,2194.0,NSW,Australia,7.0
3506,3507,Christoph,Greatreax,Male,70,1955-03-03,Physical Therapy Assistant,Financial Services,Mass Customer,N,No,5.0,88979 Hazelcrest Way,3555.0,VIC,Australia,3.0
3507,3508,Malvin,Marre,Male,89,1986-08-09,Pharmacist,Health,Mass Customer,N,No,5.0,7555 Springview Crossing,3195.0,VIC,Australia,10.0
3508,3509,Janine,Hesey,Female,85,1978-11-22,Pharmacist,Health,Mass Customer,N,Yes,15.0,04240 Prentice Plaza,3031.0,VIC,Australia,9.0
3509,3510,Jemima,Izaac,Unspecified,48,1978-11-22,Safety Technician II,IT,Affluent Customer,N,Yes,10.65704063378482,35280 Harper Junction,2700.0,NSW,Australia,2.0
3510,3511,Willem,Spraging,Male,23,1966-12-31,Food Chemist,Health,Affluent Customer,N,No,10.0,08479 Hazelcrest Street,3340.0,VIC,Australia,4.0
3511,3512,Vladimir,Abramowsky,Male,68,1994-03-24,VP Accounting,Financial Services,Mass Customer,N,Yes,8.0,70 Oakridge Pass,2019.0,NSW,Australia,10.0
3512,3513,Enriqueta,Waterhowse,Unspecified,80,1994-03-24,Internal Auditor,IT,Affluent Customer,N,Yes,10.65704063378482,56873 Buena Vista Crossing,2035.0,NSW,Australia,9.0
3513,3514,Darcy,Ilett,Male,25,1962-08-24,Environmental Specialist,IT,Mass Customer,N,No,8.0,7 Rieder Street,3155.0,VIC,Australia,7.0
3514,3515,Leelah,Pynner,Female,11,1975-01-14,Staff Scientist,Telecommunications,High Net Worth,N,Yes,18.0,3528 Granby Circle,4825.0,QLD,Australia,5.0
3515,3516,Diarmid,Vearnals,Male,93,1977-04-30,Accounting Assistant IV,Property,Mass Customer,N,Yes,15.0,16 Vahlen Trail,2152.0,NSW,Australia,10.0
3516,3517,Domeniga,Terney,Female,47,1957-07-04,Accounting Assistant IV,Property,Mass Customer,N,Yes,6.0,977 Arapahoe Trail,4121.0,QLD,Australia,8.0
3517,3518,Magdaia,Beardwell,Female,45,1980-06-18,Biostatistician I,IT,Mass Customer,N,Yes,8.0,31331 Old Shore Crossing,2211.0,NSW,Australia,8.0
3518,3519,Aldus,Kenningley,Male,16,1978-05-21,Software Consultant,Manufacturing,Mass Customer,N,Yes,11.0,51757 Weeping Birch Center,2470.0,NSW,Australia,5.0
3519,3520,Travis,Kaszper,Male,41,1963-08-17,Research Nurse,Health,Mass Customer,N,Yes,16.0,25 Schurz Avenue,2071.0,NSW,Australia,12.0
3520,3521,Oneida,Olivia,Female,27,1980-03-10,Research Associate,Health,High Net Worth,N,Yes,16.0,92045 Magdeline Street,2101.0,NSW,Australia,11.0
3521,3522,Lorri,Byrth,Female,73,1989-08-21,Cost Accountant,Financial Services,High Net Worth,N,Yes,11.0,0129 Hollow Ridge Crossing,2095.0,NSW,Australia,11.0
3522,3523,Lin,Tarver,Male,33,1975-06-14,Design Engineer,Financial Services,Affluent Customer,N,No,19.0,56 Anderson Alley,2194.0,NSW,Australia,10.0
3523,3524,Waiter,Piscopello,Male,38,1973-12-30,Design Engineer,Financial Services,Mass Customer,N,Yes,18.0,528 Golf View Plaza,2471.0,NSW,Australia,2.0
3524,3525,Town,Yitzhakov,Male,55,1996-08-16,Editor,Financial Services,Mass Customer,N,No,2.0,474 Farragut Way,4812.0,QLD,Australia,3.0
3525,3526,Pail,Iacopini,Male,84,1978-09-19,General Manager,Telecommunications,High Net Worth,N,Yes,13.0,1 Schiller Place,2774.0,NSW,Australia,9.0
3526,3527,Kiley,Scotson,Female,77,1978-12-02,Senior Cost Accountant,Financial Services,High Net Worth,N,No,18.0,55497 Warrior Alley,3123.0,VIC,Australia,9.0
3527,3528,Eliot,Scammell,Male,69,1964-04-06,Internal Auditor,Manufacturing,Mass Customer,N,Yes,7.0,6 Moulton Point,2145.0,NSW,Australia,10.0
3528,3529,Austine,Kinny,Female,37,1960-11-23,Structural Analysis Engineer,IT,High Net Worth,N,Yes,16.0,6 Rockefeller Lane,2294.0,NSW,Australia,7.0
3529,3530,Erik,Kenneford,Male,19,1973-10-23,Staff Scientist,IT,High Net Worth,N,Yes,8.0,05759 Ridge Oak Trail,2007.0,NSW,Australia,8.0
3530,3531,Shannah,Pountain,Female,4,1969-01-27,Marketing Manager,Retail,Affluent Customer,N,Yes,11.0,75 Grim Circle,2147.0,NSW,Australia,10.0
3531,3532,May,Birch,Female,27,1990-07-24,Media Manager I,Health,High Net Worth,N,Yes,7.0,88 Bunting Hill,3978.0,VIC,Australia,6.0
3532,3533,Neale,Lowings,Male,62,1981-02-14,Associate Professor,Financial Services,Affluent Customer,N,Yes,8.0,7547 Garrison Alley,2705.0,NSW,Australia,5.0
3533,3534,Kacie,Stanbrooke,Female,92,1975-05-15,Associate Professor,Manufacturing,Affluent Customer,N,Yes,3.0,3605 Vidon Hill,3305.0,VIC,Australia,1.0
3534,3535,Bren,Dabbes,Female,8,1994-09-15,Technical Writer,Manufacturing,High Net Worth,N,No,6.0,0485 Petterle Terrace,2575.0,NSW,Australia,6.0
3535,3536,Laurence,Aulsford,Male,46,1967-12-24,Professor,Retail,Affluent Customer,N,No,18.0,97461 Drewry Trail,3072.0,VIC,Australia,10.0
3536,3537,Sholom,Pavlasek,Male,1,1997-01-15,Graphic Designer,Financial Services,Mass Customer,N,No,4.0,6736 Anthes Junction,2250.0,NSW,Australia,7.0
3537,3538,Kerby,Nassie,Male,19,1977-11-14,Marketing Manager,Health,Mass Customer,N,No,8.0,9 Tennyson Center,2198.0,NSW,Australia,9.0
3538,3539,Sheelah,Caine,Female,94,1985-03-21,Financial Analyst,IT,Mass Customer,N,Yes,16.0,9594 Brown Junction,4509.0,QLD,Australia,7.0
3539,3540,Ali,Naris,Male,49,1954-08-27,Financial Analyst,IT,Mass Customer,N,Yes,7.0,64 Macpherson Junction,4061.0,QLD,Australia,8.0
3540,3541,Aloin,Harhoff,Male,72,1986-01-03,Financial Analyst,Health,Mass Customer,N,No,11.0,0 Heath Point,2136.0,NSW,Australia,9.0
3541,3542,Perl,Suddaby,Female,23,1975-03-11,Financial Analyst,Financial Services,Mass Customer,N,No,10.0,1 Chive Trail,4670.0,QLD,Australia,2.0
3542,3543,Shanie,Zahor,Female,15,1986-12-25,Food Chemist,Health,High Net Worth,N,Yes,21.0,34976 Lindbergh Hill,4304.0,QLD,Australia,4.0
3543,3544,Benoite,Trahmel,Female,25,1998-08-13,Help Desk Technician,Health,Affluent Customer,N,No,1.0,266 Little Fleur Street,4350.0,QLD,Australia,4.0
3544,3545,Wenonah,Filgate,Female,66,1974-07-19,Developer II,Health,High Net Worth,N,No,4.0,005 Bunker Hill Lane,3046.0,VIC,Australia,9.0
3545,3546,Hally,Pollie,Female,91,1983-09-29,GIS Technical Architect,Manufacturing,Affluent Customer,N,Yes,9.0,792 Maple Trail,2097.0,NSW,Australia,12.0
3546,3547,Ganny,Dwerryhouse,Male,19,1975-05-06,Senior Financial Analyst,Financial Services,Affluent Customer,N,No,8.0,71 Moulton Drive,3065.0,VIC,Australia,10.0
3547,3548,Dalli,Seden,Male,65,1958-08-02,Sales Representative,Financial Services,Affluent Customer,N,No,12.0,033 Maryland Plaza,3023.0,VIC,Australia,8.0
3548,3549,Jodee,Macewan,Female,0,1966-02-24,Sales Representative,Retail,Mass Customer,N,No,7.0,360 Green Ridge Junction,2508.0,NSW,Australia,9.0
3549,3550,Daisey,Britto,Female,50,1988-11-27,Environmental Tech,Retail,Mass Customer,N,Yes,16.0,870 Bluestem Hill,2745.0,NSW,Australia,8.0
3550,3551,Zed,Douris,Male,37,1962-05-10,Pharmacist,Health,Mass Customer,N,Yes,8.0,392 Grim Pass,4680.0,QLD,Australia,6.0
3551,3552,Ebeneser,Lowde,Male,33,1992-09-07,Internal Auditor,Retail,Affluent Customer,N,Yes,9.0,38792 Calypso Crossing,2778.0,NSW,Australia,7.0
3552,3553,Dietrich,Geggie,Male,97,1974-12-29,Graphic Designer,Health,Mass Customer,N,No,10.0,92 Mallard Court,3125.0,VIC,Australia,10.0
3553,3554,Briggs,Mower,Male,34,1978-04-06,GIS Technical Architect,IT,Mass Customer,N,Yes,16.0,37 Summerview Park,2101.0,NSW,Australia,11.0
3554,3555,Latashia,Mower,Female,96,1976-02-26,Programmer Analyst II,Manufacturing,Mass Customer,N,No,21.0,3 Shasta Way,2076.0,NSW,Australia,12.0
3555,3556,Larina,Gheeorghie,Female,38,1997-07-05,Senior Developer,Manufacturing,High Net Worth,N,No,3.0,45 Redwing Road,3182.0,VIC,Australia,12.0
3556,3557,Tisha,Gibbings,Female,79,1978-05-12,Assistant Media Planner,Health,Affluent Customer,N,No,18.0,41 Northridge Road,4730.0,QLD,Australia,4.0
3557,3558,Torey,Sarney,Male,16,1954-09-05,Assistant Media Planner,Health,High Net Worth,N,Yes,7.0,459 Meadow Valley Junction,4155.0,QLD,Australia,10.0
3558,3559,Farra,Bails,Female,80,1985-02-19,Assistant Media Planner,Entertainment,High Net Worth,N,Yes,17.0,276 Coolidge Plaza,4215.0,QLD,Australia,7.0
3559,3560,Gav,Bonin,Male,98,1980-09-01,Structural Analysis Engineer,Retail,Mass Customer,N,Yes,7.0,4 Dexter Park,4505.0,QLD,Australia,2.0
3560,3561,Emelda,Allbones,Female,15,1968-11-16,Help Desk Operator,Financial Services,Mass Customer,N,Yes,5.0,0800 Donald Hill,4000.0,QLD,Australia,7.0
3561,3562,Martynne,Bullivant,Female,76,1973-01-02,Recruiting Manager,Financial Services,Affluent Customer,N,No,10.0,4301 Haas Junction,2204.0,NSW,Australia,9.0
3562,3563,De,Leyband,Female,70,1990-03-12,Programmer Analyst IV,Financial Services,Affluent Customer,N,No,10.0,0185 Fremont Alley,4074.0,QLD,Australia,7.0
3563,3564,Sandy,Olford,Male,43,1972-05-15,Programmer Analyst IV,Financial Services,High Net Worth,N,Yes,18.0,85476 Shasta Park,2065.0,NSW,Australia,12.0
3564,3565,Charyl,Pottiphar,Unspecified,14,1972-05-15,Structural Engineer,IT,High Net Worth,N,Yes,10.65704063378482,4888 Hoepker Plaza,2072.0,NSW,Australia,12.0
3565,3566,Bram,Pheasant,Male,96,1976-11-02,Social Worker,Health,Affluent Customer,N,Yes,10.0,77 Green Court,2570.0,NSW,Australia,9.0
3566,3567,Eileen,Ilchenko,Female,17,1980-09-14,Nurse,Financial Services,Affluent Customer,N,Yes,14.0,22344 Reinke Pass,4225.0,QLD,Australia,5.0
3567,3568,Berthe,Griniov,Female,13,1955-09-15,Nurse,Retail,Affluent Customer,N,No,5.0,588 Menomonie Way,4179.0,QLD,Australia,9.0
3568,3569,Janel,Daice,Female,24,1973-05-18,Senior Editor,Retail,Affluent Customer,N,No,12.0,3 Becker Drive,2566.0,NSW,Australia,8.0
3569,3570,Mordy,Hedin,Male,13,1962-01-31,Senior Sales Associate,Entertainment,Mass Customer,N,No,7.0,663 Sunfield Court,3564.0,VIC,Australia,2.0
3570,3571,Othilia,Metcalf,Female,9,1976-06-09,Senior Sales Associate,Property,Mass Customer,N,Yes,3.0,010 Maryland Court,3556.0,VIC,Australia,2.0
3571,3572,Willis,Tilston,Male,54,1986-03-21,Sales Representative,Retail,Affluent Customer,N,Yes,2.0,53504 Dakota Terrace,2570.0,NSW,Australia,8.0
3572,3573,Mab,Dwyer,Female,68,1996-10-16,Accounting Assistant I,Manufacturing,Mass Customer,N,Yes,3.0,681 Ridgeway Junction,4208.0,QLD,Australia,7.0
3573,3574,Eileen,Eland,Female,33,1991-02-05,Clinical Specialist,Health,Mass Customer,N,No,6.0,225 American Point,4508.0,QLD,Australia,3.0
3574,3575,Kandace,Desesquelle,Female,82,1973-11-06,Administrative Assistant I,IT,Affluent Customer,N,Yes,13.0,79 Moland Junction,2795.0,NSW,Australia,4.0
3575,3576,Rochette,Ebbens,Female,10,1969-09-19,Account Coordinator,IT,Mass Customer,N,No,11.0,9004 Wayridge Drive,2799.0,NSW,Australia,4.0
3576,3577,Fowler,Scotsbrook,Male,29,1964-02-18,Staff Scientist,Retail,High Net Worth,N,No,10.0,505 Village Pass,4007.0,QLD,Australia,4.0
3577,3578,Dorella,Sineath,Female,57,1956-10-27,Staff Accountant IV,Property,Mass Customer,N,No,12.0,57 Thierer Parkway,2177.0,NSW,Australia,9.0
3578,3579,Rachel,Somes,Female,32,1987-09-15,Software Test Engineer III,Health,High Net Worth,N,No,20.0,91 Roth Pass,2565.0,NSW,Australia,6.0
3579,3580,Roby,Samson,Female,61,1972-04-24,Occupational Therapist,Health,Mass Customer,N,No,10.0,4605 Lakewood Gardens Terrace,3216.0,VIC,Australia,7.0
3580,3581,Lindsy,Ygo,Female,38,1957-07-10,Media Manager II,Health,Mass Customer,N,Yes,6.0,16334 Rutledge Trail,3805.0,VIC,Australia,9.0
3581,3582,Beryle,Qusklay,Female,66,1961-12-11,Media Manager II,Property,Mass Customer,N,No,17.0,878 Cody Point,2155.0,NSW,Australia,10.0
3582,3583,Josselyn,Mathey,Female,71,1965-05-27,Assistant Professor,Retail,Affluent Customer,N,No,5.0,66028 Randy Terrace,2155.0,NSW,Australia,10.0
3583,3584,Adler,Teale,Male,95,1962-01-14,Registered Nurse,Health,Mass Customer,N,No,10.0,78478 Pond Road,4128.0,QLD,Australia,7.0
3584,3585,Concordia,Lunbech,Female,41,1962-07-28,Registered Nurse,Financial Services,High Net Worth,N,Yes,20.0,062 Dixon Parkway,3103.0,VIC,Australia,12.0
3585,3586,Abby,Brownstein,Female,79,1979-02-05,Registered Nurse,Health,Affluent Customer,N,No,10.0,344 Delladonna Place,2196.0,NSW,Australia,10.0
3586,3587,Ines,Galfour,Female,85,1997-09-24,Web Developer III,Health,Affluent Customer,N,No,2.0,53 Union Terrace,2763.0,NSW,Australia,8.0
3587,3588,Henrie,Beadman,Female,15,1961-06-04,Web Developer III,Health,Affluent Customer,N,Yes,18.0,33221 Maple Wood Place,2260.0,NSW,Australia,10.0
3588,3589,Nalani,Dummer,Female,73,1962-02-19,Computer Systems Analyst II,Health,High Net Worth,N,No,17.0,1 Esker Pass,4575.0,QLD,Australia,8.0
3589,3590,Carolan,Velez,Female,32,1978-04-16,Accountant III,Manufacturing,Mass Customer,N,Yes,19.0,9 Clyde Gallagher Junction,2065.0,NSW,Australia,11.0
3590,3591,Dwight,Kinsey,Male,15,1978-10-28,Accountant III,Financial Services,Mass Customer,N,No,10.0,5699 Forster Street,2346.0,NSW,Australia,2.0
3591,3592,Pall,MacCart,Male,72,1954-04-27,Junior Executive,Financial Services,Mass Customer,N,No,12.0,94543 Northwestern Court,4715.0,QLD,Australia,6.0
3592,3593,Carry,Abercromby,Female,71,1996-04-10,Legal Assistant,Retail,Mass Customer,N,No,5.0,6 Continental Alley,3174.0,VIC,Australia,8.0
3593,3594,Gustavo,Juschka,Male,45,1986-01-04,Marketing Assistant,Manufacturing,Mass Customer,N,No,18.0,89 Dapin Terrace,3121.0,VIC,Australia,10.0
3594,3595,Timi,Huson,Female,81,1975-12-06,Software Consultant,Retail,Mass Customer,N,No,6.0,38834 Manufacturers Hill,2768.0,NSW,Australia,10.0
3595,3596,Christi,Gilluley,Female,57,1977-12-25,Executive Secretary,Retail,Mass Customer,N,No,20.0,0186 Thackeray Center,3183.0,VIC,Australia,11.0
3596,3597,Giorgi,Gilluley,Male,71,1954-06-16,Analog Circuit Design manager,Property,Affluent Customer,N,Yes,16.0,15980 Fairview Drive,2283.0,NSW,Australia,7.0
3597,3598,Penny,McKirdy,Male,72,1994-12-17,Computer Systems Analyst III,Manufacturing,Affluent Customer,N,Yes,5.0,2 Waxwing Terrace,2429.0,NSW,Australia,2.0
3598,3599,Lane,Maguire,Male,11,1956-02-27,Physical Therapy Assistant,Manufacturing,High Net Worth,N,Yes,6.0,358 Ronald Regan Point,2065.0,NSW,Australia,12.0
3599,3600,Godart,Gooderick,Male,88,1962-05-17,Staff Accountant II,Manufacturing,Mass Customer,N,No,16.0,4386 Spaight Court,3752.0,VIC,Australia,8.0
3600,3601,Fanya,Gethyn,Female,85,1975-12-23,Junior Executive,IT,Mass Customer,N,No,18.0,73 Hallows Circle,2558.0,NSW,Australia,7.0
3601,3602,Alicea,Scamwell,Female,23,1988-11-27,Account Coordinator,Health,Mass Customer,N,No,12.0,1585 Summer Ridge Alley,2548.0,NSW,Australia,6.0
3602,3603,Cale,Yaneev,Male,90,1954-09-27,Sales Representative,Retail,Mass Customer,N,Yes,14.0,29585 Weeping Birch Avenue,2830.0,NSW,Australia,2.0
3603,3604,Findlay,Lubman,Male,3,1971-04-09,VP Quality Control,Health,High Net Worth,N,Yes,9.0,4 Macpherson Drive,2560.0,NSW,Australia,8.0
3604,3605,Andy,Risely,Male,54,1994-01-28,Internal Auditor,Health,Mass Customer,N,No,6.0,75132 Portage Point,4555.0,QLD,Australia,7.0
3605,3606,Jamima,Wainscot,Female,52,1957-02-09,Graphic Designer,Health,High Net Worth,N,No,15.0,90969 Talmadge Place,3199.0,VIC,Australia,7.0
3606,3607,Troy,Blaydes,Male,99,2001-05-22,Clinical Specialist,Health,Mass Customer,N,No,1.0,88 Ilene Crossing,2049.0,NSW,Australia,11.0
3607,3608,Conway,Surgen,Male,86,1973-05-17,Nurse Practicioner,Argiculture,High Net Worth,N,No,8.0,154 Heffernan Trail,2038.0,NSW,Australia,10.0
3608,3609,Chicky,Butterfield,Male,69,1997-09-02,Marketing Manager,Manufacturing,Mass Customer,N,No,4.0,4534 Stone Corner Terrace,2233.0,NSW,Australia,9.0
3609,3610,Erl,Markel,Male,1,1987-03-29,Graphic Designer,Financial Services,High Net Worth,N,Yes,16.0,9 Declaration Crossing,3133.0,VIC,Australia,10.0
3610,3611,Uriah,Chantree,Male,20,1970-04-10,Statistician II,Financial Services,Affluent Customer,N,Yes,10.0,2 Homewood Pass,4211.0,QLD,Australia,8.0
3611,3612,Normand,Matous,Male,27,1979-11-27,Budget/Accounting Analyst II,IT,High Net Worth,N,No,15.0,8279 Golf View Center,3127.0,VIC,Australia,12.0
3612,3613,Fairfax,Pummery,Male,27,1972-04-21,Budget/Accounting Analyst II,Health,Mass Customer,N,Yes,9.0,65769 Hoard Plaza,3030.0,VIC,Australia,7.0
3613,3614,Berkie,Gimber,Male,59,1961-06-23,Environmental Specialist,Retail,Affluent Customer,N,Yes,18.0,2 Havey Point,2759.0,NSW,Australia,8.0
3614,3615,Junia,Napton,Female,63,1978-07-09,Safety Technician II,IT,Mass Customer,N,Yes,8.0,8582 Morrow Pass,4165.0,QLD,Australia,7.0
3615,3616,Vale,Dagnan,Male,42,2001-04-02,Product Engineer,Property,High Net Worth,N,No,2.0,4643 Cambridge Circle,3064.0,VIC,Australia,6.0
3616,3617,Jessa,Milnthorpe,Female,11,1990-05-06,Structural Analysis Engineer,Manufacturing,Mass Customer,N,Yes,3.0,2 Armistice Parkway,2193.0,NSW,Australia,10.0
3617,3618,Evyn,Rouby,Male,2,1966-04-28,Statistician IV,Retail,Affluent Customer,N,Yes,19.0,23301 Bluestem Drive,3146.0,VIC,Australia,8.0
3618,3619,Myranda,Cridland,Female,18,1996-02-17,Administrative Assistant IV,Retail,Mass Customer,N,Yes,1.0,6764 Commercial Avenue,2753.0,NSW,Australia,8.0
3619,3620,Gerry,Ackhurst,Male,21,1991-07-30,Computer Systems Analyst II,Retail,Mass Customer,N,No,5.0,56747 Monument Avenue,4306.0,QLD,Australia,8.0
3620,3621,Umeko,Hearfield,Female,13,1975-01-16,Developer IV,Health,High Net Worth,N,No,15.0,8 Harper Center,2650.0,NSW,Australia,3.0
3621,3622,Anetta,Brosenius,Female,84,1983-09-02,Compensation Analyst,Financial Services,Mass Customer,N,No,2.0,422 Valley Edge Pass,2000.0,NSW,Australia,10.0
3622,3623,Oren,Barwack,Male,56,1984-11-25,Senior Quality Engineer,Manufacturing,Affluent Customer,N,Yes,15.0,8651 Graceland Way,2830.0,NSW,Australia,1.0
3623,3624,Lenka,Barwack,Female,54,1984-10-16,Cost Accountant,Financial Services,Mass Customer,N,Yes,7.0,6 Nobel Way,2322.0,NSW,Australia,4.0
3624,3625,Cammie,Rubinfeld,Female,24,1953-11-30,VP Marketing,Manufacturing,High Net Worth,N,Yes,18.0,3 Burning Wood Pass,2322.0,NSW,Australia,4.0
3625,3626,Cora,Hince,Female,86,1978-09-02,Senior Cost Accountant,Financial Services,Mass Customer,N,Yes,12.0,4 Westridge Circle,2763.0,NSW,Australia,8.0
3626,3627,Loren,Pischof,Male,92,1961-08-12,Teacher,Health,High Net Worth,N,Yes,14.0,9284 Randy Alley,2217.0,NSW,Australia,9.0
3627,3628,Sharron,Gaynes,Female,47,1974-10-17,Financial Advisor,Financial Services,Mass Customer,N,Yes,14.0,56 Sullivan Crossing,2768.0,NSW,Australia,9.0
3628,3629,Vale,Starcks,Female,17,1976-10-29,Editor,Health,High Net Worth,N,No,22.0,3 Westridge Avenue,2810.0,NSW,Australia,5.0
3629,3630,Jeni,Heymes,Female,16,1978-11-15,Tax Accountant,Property,Affluent Customer,N,Yes,8.0,3 Florence Drive,2151.0,NSW,Australia,10.0
3630,3631,Mignonne,Barwood,Female,76,1962-07-01,Project Manager,IT,High Net Worth,N,Yes,16.0,897 Forest Dale Terrace,4035.0,QLD,Australia,8.0
3631,3632,Elena,Sandys,Female,82,1990-03-27,Teacher,IT,Mass Customer,N,No,9.0,91215 Doe Crossing Avenue,3805.0,VIC,Australia,7.0
3632,3633,Donavon,Ainsby,Male,32,1983-04-18,Biostatistician III,Health,Mass Customer,N,No,5.0,38834 Green Center,2132.0,NSW,Australia,11.0
3633,3634,Clemence,Kornas,Female,35,1963-06-01,Speech Pathologist,Health,High Net Worth,N,Yes,15.0,678 Monterey Center,2759.0,NSW,Australia,8.0
3634,3635,Elset,Kornas,Female,51,1977-07-06,VP Marketing,Retail,High Net Worth,N,No,9.0,1 Park Meadow Drive,2145.0,NSW,Australia,9.0
3635,3636,Trudi,Bickerstasse,Female,42,1970-06-24,Director of Sales,Financial Services,Mass Customer,N,Yes,18.0,58 Hoepker Center,4343.0,QLD,Australia,2.0
3636,3637,Luigi,Edgeworth,Male,84,1958-01-01,Associate Professor,Manufacturing,Affluent Customer,N,Yes,11.0,6415 4th Alley,2766.0,NSW,Australia,8.0
3637,3638,Fifi,Dorrins,Female,73,1996-05-04,Associate Professor,Manufacturing,Mass Customer,N,No,6.0,5558 Northport Point,2087.0,NSW,Australia,11.0
3638,3639,Megan,Perrygo,Female,49,1974-01-11,Food Chemist,Health,High Net Worth,N,No,15.0,71 Manley Way,2036.0,NSW,Australia,7.0
3639,3640,Merralee,Forman,Female,64,1985-04-28,Staff Scientist,Health,Mass Customer,N,No,10.0,6201 Schiller Drive,2502.0,NSW,Australia,6.0
3640,3641,Wolfie,Hoyes,Male,78,1975-10-02,Civil Engineer,Manufacturing,Affluent Customer,N,No,12.0,5339 Paget Plaza,2190.0,NSW,Australia,10.0
3641,3642,Ardith,Portigall,Female,39,1962-05-21,Technical Writer,Manufacturing,Affluent Customer,N,Yes,8.0,26138 Katie Point,2800.0,NSW,Australia,4.0
3642,3643,Bettye,Dumberrill,Female,62,1971-02-08,Technical Writer,Manufacturing,Mass Customer,N,No,15.0,686 Scoville Drive,3012.0,VIC,Australia,5.0
3643,3644,Peder,Frotton,Male,13,1968-01-18,Physical Therapy Assistant,Financial Services,High Net Worth,N,Yes,17.0,41 Bay Pass,2018.0,NSW,Australia,10.0
3644,3645,Cozmo,Rylstone,Male,47,1961-07-04,Structural Analysis Engineer,Manufacturing,High Net Worth,N,No,14.0,155 Sunfield Way,3212.0,VIC,Australia,2.0
3645,3646,Allene,Pauly,Female,0,1981-10-22,Social Worker,Health,Mass Customer,N,No,4.0,2809 Anderson Lane,3350.0,VIC,Australia,3.0
3646,3647,Carlyle,Frape,Male,62,1971-11-07,Marketing Manager,Health,Affluent Customer,N,No,4.0,4 Barby Point,4216.0,QLD,Australia,8.0
3647,3648,Tracie,Bartolomeoni,Female,82,1954-02-21,Paralegal,Financial Services,Mass Customer,N,No,5.0,73 Eagan Hill,3040.0,VIC,Australia,10.0
3648,3649,Jayne,Gawthrope,Female,66,1977-07-12,Office Assistant II,Property,Mass Customer,N,Yes,12.0,11 Ryan Hill,2229.0,NSW,Australia,9.0
3649,3650,Darrelle,Rosas,Female,85,1999-10-21,Office Assistant I,IT,Mass Customer,N,Yes,2.0,6 Eliot Parkway,2045.0,NSW,Australia,12.0
3650,3651,Baxie,Rosas,Male,91,1999-11-15,Human Resources Assistant I,Manufacturing,Mass Customer,N,No,2.0,4962 Wayridge Road,2220.0,NSW,Australia,12.0
3651,3652,Aldrich,Camble,Male,20,1955-02-06,Nurse,Health,High Net Worth,N,Yes,17.0,9 Jenifer Avenue,2480.0,NSW,Australia,4.0
3652,3653,Devlen,Perrett,Male,7,1991-01-04,Environmental Specialist,Health,Mass Customer,N,Yes,8.0,7 Macpherson Way,4064.0,QLD,Australia,9.0
3653,3654,Kenyon,Paddefield,Unspecified,78,1991-01-04,Electrical Engineer,Manufacturing,Mass Customer,N,No,10.65704063378482,5437 Oak Alley,2024.0,NSW,Australia,10.0
3654,3655,Waldemar,Mostin,Male,82,1974-06-01,VP Sales,Manufacturing,Mass Customer,N,Yes,19.0,13854 Artisan Avenue,4508.0,QLD,Australia,3.0
3655,3656,Talia,Sidnell,Female,14,1976-12-24,VP Sales,Property,Mass Customer,N,Yes,3.0,7415 Schlimgen Drive,2064.0,NSW,Australia,9.0
3656,3657,Wyatan,Rogeon,Male,95,1961-07-24,VP Sales,Property,High Net Worth,N,No,8.0,249 Merchant Terrace,4211.0,QLD,Australia,7.0
3657,3658,Bo,Vell,Male,15,1962-10-20,VP Sales,Entertainment,Mass Customer,N,Yes,9.0,379 Scofield Pass,3101.0,VIC,Australia,8.0
3658,3659,Farra,Catto,Female,76,1976-12-23,VP Sales,Financial Services,High Net Worth,N,No,10.0,6 Michigan Lane,4076.0,QLD,Australia,3.0
3659,3660,Gradeigh,Hothersall,Male,99,1981-03-14,Administrative Assistant IV,Financial Services,Mass Customer,N,No,7.0,31 Packers Pass,2205.0,NSW,Australia,10.0
3660,3661,Tadeas,Shitliff,Male,34,1965-12-18,Research Associate,Manufacturing,Mass Customer,N,Yes,7.0,772 Superior Street,2759.0,NSW,Australia,8.0
3661,3662,Pippo,Cator,Male,79,1977-12-30,Community Outreach Specialist,Retail,Mass Customer,N,No,15.0,15093 Hallows Pass,3930.0,VIC,Australia,9.0
3662,3663,Hermy,Casement,Male,62,1998-02-10,Information Systems Manager,Retail,Affluent Customer,N,No,1.0,954 Reinke Park,3101.0,VIC,Australia,12.0
3663,3664,Faina,Czaja,Female,5,1990-02-23,Software Test Engineer I,Manufacturing,Mass Customer,N,Yes,7.0,11879 Surrey Court,2768.0,NSW,Australia,9.0
3664,3665,Toma,Klaaasen,Female,19,1989-03-23,Dental Hygienist,Health,Mass Customer,N,No,6.0,7730 Oakridge Trail,3380.0,VIC,Australia,1.0
3665,3666,Mathew,Marousek,Male,56,1957-03-27,Statistician II,Health,High Net Worth,N,No,10.0,91051 Cordelia Circle,3030.0,VIC,Australia,7.0
3666,3667,Nettie,Goghin,Female,3,1983-02-06,Graphic Designer,Retail,Mass Customer,N,Yes,8.0,32 Larry Way,3073.0,VIC,Australia,10.0
3667,3668,Katlin,Ragsdale,Female,79,1955-02-09,Desktop Support Technician,Property,Mass Customer,N,Yes,6.0,3173 Park Meadow Park,2261.0,NSW,Australia,5.0
3668,3669,Maynard,Isaq,Male,11,1977-06-18,Design Engineer,Manufacturing,Affluent Customer,N,No,18.0,427 Talmadge Terrace,2486.0,NSW,Australia,8.0
3669,3670,Leupold,Bernardini,Male,62,1977-03-20,Programmer Analyst III,Financial Services,Affluent Customer,N,Yes,17.0,587 Rieder Court,4211.0,QLD,Australia,8.0
3670,3671,Crystie,Deshorts,Female,98,1992-01-05,Programmer Analyst III,Financial Services,Affluent Customer,N,No,7.0,34775 Melrose Road,2152.0,NSW,Australia,10.0
3671,3672,Werner,Yglesias,Male,32,1987-05-25,Tax Accountant,IT,Mass Customer,N,Yes,13.0,61 Kennedy Park,2745.0,NSW,Australia,10.0
3672,3673,Tobin,Fucher,Male,72,1979-09-28,Tax Accountant,Manufacturing,Mass Customer,N,Yes,11.0,1 Upham Crossing,3041.0,VIC,Australia,3.0
3673,3674,Rodger,Gores,Male,59,1998-12-24,Tax Accountant,Property,Mass Customer,N,No,3.0,106 Donald Way,3216.0,VIC,Australia,4.0
3674,3675,Samuele,Heller,Male,88,1999-12-17,Analog Circuit Design manager,Property,Affluent Customer,N,Yes,1.0,3397 Ronald Regan Plaza,4511.0,QLD,Australia,5.0
3675,3676,Derk,Willingale,Male,27,1965-12-15,Health Coach I,Health,Affluent Customer,N,No,11.0,2615 Declaration Court,2031.0,NSW,Australia,12.0
3676,3677,Bartel,Fonteyne,Male,3,1986-07-11,Senior Financial Analyst,Financial Services,Mass Customer,N,Yes,20.0,900 Straubel Hill,2176.0,NSW,Australia,10.0
3677,3678,Tonya,Worthington,Female,52,1969-08-06,Engineer IV,Manufacturing,Mass Customer,N,No,19.0,4314 Ridgeview Court,2176.0,NSW,Australia,9.0
3678,3679,Murielle,Klimkov,Female,72,1992-05-05,Developer II,Manufacturing,High Net Worth,N,No,6.0,6001 Calypso Park,2320.0,NSW,Australia,5.0
3679,3680,Sawyere,Onele,Male,17,1983-08-11,Accountant I,Retail,High Net Worth,N,No,3.0,31 Declaration Drive,4500.0,QLD,Australia,5.0
3680,3681,Doll,Benedicto,Female,90,1962-02-06,Community Outreach Specialist,Property,Mass Customer,N,Yes,20.0,8 Grover Parkway,2089.0,NSW,Australia,10.0
3681,3682,Dukie,Asson,Male,94,1978-06-15,GIS Technical Architect,Financial Services,Mass Customer,N,Yes,11.0,7 Killdeer Junction,4306.0,QLD,Australia,3.0
3682,3683,Lorain,Maliphant,Female,67,1957-03-30,Chief Design Engineer,Financial Services,Mass Customer,N,Yes,11.0,30122 Union Plaza,2066.0,NSW,Australia,9.0
3683,3684,Jeffie,Mortell,Male,13,1974-04-25,Food Chemist,Health,High Net Worth,N,Yes,4.0,81 Carpenter Terrace,3321.0,VIC,Australia,3.0
3684,3685,Solomon,Ruffles,Male,86,1989-06-12,Human Resources Manager,Financial Services,Affluent Customer,N,Yes,16.0,46 Hollow Ridge Way,2011.0,NSW,Australia,11.0
3685,3686,Shirley,Siss,Female,20,1976-08-06,Software Engineer III,Financial Services,High Net Worth,N,Yes,15.0,6468 West Park,3161.0,VIC,Australia,6.0
3686,3687,Jessie,Wards,Male,84,1971-10-14,Software Engineer III,Manufacturing,Mass Customer,N,Yes,14.0,2 Barby Court,2133.0,NSW,Australia,8.0
3687,3688,Fritz,Le Merchant,Male,87,1994-04-27,General Manager,IT,Affluent Customer,N,Yes,5.0,4 Rockefeller Plaza,3196.0,VIC,Australia,5.0
3688,3689,Orel,Joncic,Female,26,1967-09-25,Chemical Engineer,Health,Mass Customer,N,Yes,7.0,00732 David Lane,3350.0,VIC,Australia,6.0
3689,3690,Sheela,Nutton,Female,86,1957-05-11,Chemical Engineer,Manufacturing,Mass Customer,N,No,17.0,4 Hagan Hill,2197.0,NSW,Australia,9.0
3690,3691,Mathew,Seid,Male,73,1973-08-16,Environmental Tech,Retail,Affluent Customer,N,No,11.0,47566 Old Gate Avenue,3064.0,VIC,Australia,6.0
3691,3692,Linea,Kubica,Female,47,1961-11-05,Business Systems Development Analyst,Retail,High Net Worth,N,Yes,6.0,9738 Delaware Crossing,2753.0,NSW,Australia,9.0
3692,3693,Brenna,Raft,Female,58,1985-01-19,Account Coordinator,Manufacturing,Affluent Customer,N,Yes,21.0,5511 Clove Lane,3153.0,VIC,Australia,7.0
3693,3694,Antoni,MacAllister,Male,91,1984-04-19,Account Coordinator,Health,Mass Customer,N,Yes,10.0,526 Kipling Drive,3193.0,VIC,Australia,11.0
3694,3695,Lem,Clamp,Male,33,1978-02-27,Account Coordinator,Entertainment,Affluent Customer,N,Yes,3.0,9585 Lakeland Avenue,2147.0,NSW,Australia,8.0
3695,3696,Orlan,Dunning,Male,27,1962-12-11,Senior Financial Analyst,Financial Services,High Net Worth,N,No,15.0,19 Daystar Alley,2761.0,NSW,Australia,8.0
3696,3697,Zebedee,Christal,Male,47,1978-10-10,Recruiting Manager,Financial Services,Mass Customer,N,Yes,8.0,2 Union Way,2035.0,NSW,Australia,12.0
3697,3698,Devon,Baudic,Female,49,1995-10-03,Geological Engineer,Manufacturing,Mass Customer,N,No,4.0,88 Service Hill,4573.0,QLD,Australia,8.0
3698,3699,Lillian,Somerfield,Female,40,1990-10-08,Recruiting Manager,Manufacturing,Mass Customer,N,No,5.0,856 Basil Drive,3064.0,VIC,Australia,5.0
3699,3700,Lazar,Restall,Male,64,1971-09-06,Associate Professor,Entertainment,Mass Customer,N,No,19.0,00 Esker Point,4207.0,QLD,Australia,3.0
3700,3701,Anstice,Dunsmuir,Female,93,1974-01-20,Physical Therapy Assistant,Entertainment,Affluent Customer,N,No,9.0,792 Clyde Gallagher Trail,2120.0,NSW,Australia,10.0
3701,3702,Floyd,Meharry,Male,74,1993-02-18,Biostatistician IV,Health,Mass Customer,N,No,10.0,9719 Bobwhite Avenue,2289.0,NSW,Australia,7.0
3702,3703,Kelvin,Oldford,Male,37,1973-06-18,Teacher,Property,Affluent Customer,N,No,9.0,36 Service Lane,2750.0,NSW,Australia,7.0
3703,3704,Haslett,Ropars,Male,54,1975-05-08,Health Coach III,Health,High Net Worth,N,Yes,6.0,51158 Mitchell Place,3747.0,VIC,Australia,3.0
3704,3705,Tedmund,Clawsley,Male,26,1971-12-04,Assistant Professor,Manufacturing,Mass Customer,N,Yes,15.0,6 3rd Point,2256.0,NSW,Australia,9.0
3705,3706,Darby,Jellett,Male,20,1966-04-03,Assistant Professor,Argiculture,Affluent Customer,N,Yes,10.0,828 Cascade Crossing,3196.0,VIC,Australia,9.0
3706,3707,Marten,Posnette,Male,10,1993-05-16,Senior Editor,Retail,Mass Customer,N,Yes,4.0,2099 Elmside Parkway,3165.0,VIC,Australia,10.0
3707,3708,Lois,Laskey,Female,72,1963-05-15,Cost Accountant,Financial Services,Mass Customer,N,No,19.0,6407 Pierstorff Center,4209.0,QLD,Australia,6.0
3708,3709,Lilly,Roubay,Female,31,1955-03-31,GIS Technical Architect,Health,Mass Customer,N,No,8.0,18 Stephen Center,3189.0,VIC,Australia,10.0
3709,3710,Sallyann,Stangoe,Female,12,1974-08-22,Physical Therapy Assistant,Health,Mass Customer,N,No,13.0,5147 Kensington Pass,2204.0,NSW,Australia,9.0
3710,3711,Ellene,Scinelli,Female,61,1961-05-04,Associate Professor,Manufacturing,Affluent Customer,N,Yes,9.0,7740 Crescent Oaks Circle,4350.0,QLD,Australia,5.0
3711,3712,Esmeralda,Klousner,Female,22,1957-07-12,Recruiting Manager,Financial Services,Mass Customer,N,No,19.0,03742 Granby Parkway,2768.0,NSW,Australia,9.0
3712,3713,Cynthy,Snoad,Female,72,1993-02-03,VP Sales,Telecommunications,High Net Worth,N,Yes,8.0,37 Tennessee Way,4078.0,QLD,Australia,5.0
3713,3714,Lemuel,Gerram,Male,83,1962-03-30,VP Sales,Manufacturing,Mass Customer,N,No,6.0,0616 Messerschmidt Place,2350.0,NSW,Australia,4.0
3714,3715,Willow,Rusbridge,Female,19,1974-11-08,Computer Systems Analyst I,Argiculture,High Net Worth,N,Yes,10.0,25 Melvin Junction,3064.0,VIC,Australia,6.0
3715,3716,Kari,Bamlett,Female,81,1998-08-24,Senior Financial Analyst,Retail,Affluent Customer,N,No,1.0,650 Barby Street,2023.0,NSW,Australia,12.0
3716,3717,Arlin,Woollacott,Male,88,1958-12-07,Senior Financial Analyst,Financial Services,Mass Customer,N,Yes,18.0,63795 Logan Junction,3805.0,VIC,Australia,7.0
3717,3718,Damiano,Woollacott,Unspecified,22,1958-12-07,Geologist IV,IT,Mass Customer,N,Yes,10.65704063378482,506 Tennyson Avenue,4118.0,QLD,Australia,9.0
3718,3719,Dorette,Attridge,Female,26,1956-10-19,Sales Representative,Retail,Mass Customer,N,No,6.0,7 Shasta Terrace,2821.0,NSW,Australia,2.0
3719,3720,Adelice,Tams,Female,23,1972-08-15,Senior Quality Engineer,Retail,Mass Customer,N,No,15.0,61 Shoshone Alley,3150.0,VIC,Australia,10.0
3720,3721,Merrili,Potticary,Female,84,1994-10-13,Senior Quality Engineer,Financial Services,Mass Customer,N,Yes,7.0,3241 Rigney Place,3337.0,VIC,Australia,4.0
3721,3722,Merilee,Hammerson,Female,69,1975-11-07,Accountant II,Retail,Mass Customer,N,No,7.0,65885 Maple Hill,3072.0,VIC,Australia,10.0
3722,3723,Justine,Pirt,Female,31,1993-10-22,Accountant II,Financial Services,High Net Worth,N,No,7.0,310 Cody Street,2125.0,NSW,Australia,11.0
3723,3724,Griffith,Minor,Male,24,1976-03-23,Research Assistant II,IT,Affluent Customer,N,No,9.0,7650 Stone Corner Avenue,3201.0,VIC,Australia,5.0
3724,3725,Elisha,Venny,Male,37,1970-07-21,Research Assistant II,IT,Mass Customer,N,Yes,5.0,6033 Blaine Court,2075.0,NSW,Australia,12.0
3725,3726,Ange,Austick,Female,36,1976-06-17,GIS Technical Architect,Property,Mass Customer,N,No,19.0,515 Fallview Way,2484.0,NSW,Australia,8.0
3726,3727,Eba,Youle,Unspecified,65,1976-06-17,Assistant Professor,IT,Mass Customer,N,No,10.65704063378482,757 International Road,3158.0,VIC,Australia,8.0
3727,3728,Chanda,Garmons,Female,27,1986-09-01,Technical Writer,Property,Affluent Customer,N,Yes,21.0,0 Declaration Center,2250.0,NSW,Australia,10.0
3728,3729,Armand,McNish,Male,6,1960-12-16,Financial Analyst,Financial Services,Mass Customer,N,No,19.0,1 Parkside Avenue,3109.0,VIC,Australia,10.0
3729,3730,Joann,Clemson,Female,85,1960-02-18,Junior Executive,Manufacturing,Affluent Customer,N,No,6.0,73128 Pearson Pass,4132.0,QLD,Australia,4.0
3730,3731,Jandy,Rodgers,Female,91,1991-10-27,Chief Design Engineer,Manufacturing,Mass Customer,N,No,8.0,1940 Morning Circle,2765.0,NSW,Australia,9.0
3731,3732,Shawn,De Hooge,Female,47,1992-06-07,Research Associate,Manufacturing,Mass Customer,N,No,2.0,18 Chinook Plaza,2756.0,NSW,Australia,9.0
3732,3733,Shelden,Rodenburg,Male,70,1977-11-01,Help Desk Technician,Manufacturing,Mass Customer,N,No,11.0,7912 Jana Lane,2194.0,NSW,Australia,8.0
3733,3734,Trixi,Wickes,Female,46,1977-01-07,Help Desk Technician,Manufacturing,Mass Customer,N,No,21.0,534 Arrowood Trail,4212.0,QLD,Australia,8.0
3734,3735,Cchaddie,Heffron,Male,91,1961-12-02,Senior Quality Engineer,Entertainment,Mass Customer,N,No,15.0,79 Butterfield Street,2016.0,NSW,Australia,11.0
3735,3736,Charles,Brounfield,Male,64,1992-03-13,Senior Developer,Argiculture,Mass Customer,N,Yes,10.0,789 Alpine Lane,2390.0,NSW,Australia,8.0
3736,3737,Elyssa,De Witt,Female,86,1981-03-21,Design Engineer,Manufacturing,Affluent Customer,N,No,8.0,4178 Bartelt Parkway,2505.0,NSW,Australia,8.0
3737,3738,Lucila,Smalls,Female,19,1959-12-19,Professor,Financial Services,High Net Worth,N,Yes,19.0,44 Londonderry Parkway,2164.0,NSW,Australia,10.0
3738,3739,Gates,Nelthorpe,Female,59,1991-08-27,Environmental Tech,IT,High Net Worth,N,No,5.0,712 Sage Park,3149.0,VIC,Australia,9.0
3739,3740,Rania,Poulter,Female,82,1979-12-03,Dental Hygienist,Health,Mass Customer,N,No,8.0,88987 Dexter Park,2806.0,NSW,Australia,1.0
3740,3741,Mollee,Jeavons,Female,19,1970-02-01,Nurse,Health,Affluent Customer,N,Yes,16.0,52 Helena Lane,2192.0,NSW,Australia,10.0
3741,3742,Veda,Faill,Female,79,1961-11-09,Editor,Property,High Net Worth,N,Yes,16.0,3 High Crossing Parkway,3006.0,VIC,Australia,7.0
3742,3743,Riki,Aimable,Female,85,1986-08-02,Tax Accountant,Property,Mass Customer,N,No,22.0,45 Fordem Court,3191.0,VIC,Australia,10.0
3743,3744,Franchot,Loeber,Male,57,1981-01-05,Dental Hygienist,Financial Services,Mass Customer,N,Yes,9.0,82583 North Hill,2528.0,NSW,Australia,7.0
3744,3745,Randy,Duligall,Female,90,1977-12-05,Dental Hygienist,Health,Mass Customer,N,Yes,20.0,79 Crescent Oaks Court,2806.0,NSW,Australia,1.0
3745,3746,Thaddeus,McLurg,Male,64,1961-09-01,Developer II,Health,Affluent Customer,N,Yes,16.0,1 Utah Alley,2232.0,NSW,Australia,10.0
3746,3747,Valerye,Yukhtin,Female,8,1990-02-24,Web Developer IV,Manufacturing,Mass Customer,N,Yes,10.0,353 Donald Street,3199.0,VIC,Australia,7.0
3747,3748,Maurise,Beal,Male,82,1956-01-10,Staff Scientist,Manufacturing,Affluent Customer,N,Yes,18.0,86 Fairfield Alley,2558.0,NSW,Australia,8.0
3748,3749,Blondelle,Swynley,Female,3,2001-04-21,Chemical Engineer,IT,Affluent Customer,N,No,1.0,33 Sugar Alley,2060.0,NSW,Australia,12.0
3749,3750,Yanaton,Beacom,Male,78,1972-04-14,Chemical Engineer,Manufacturing,Affluent Customer,N,Yes,6.0,92 Northridge Park,2450.0,NSW,Australia,4.0
3750,3751,Millicent,Nacci,Female,44,1978-12-28,Environmental Specialist,Manufacturing,Affluent Customer,N,Yes,13.0,1 Algoma Trail,4213.0,QLD,Australia,6.0
3751,3752,Peta,Nunes Nabarro,Female,67,1961-09-15,Administrative Assistant I,Argiculture,Affluent Customer,N,Yes,16.0,08261 Aberg Junction,2176.0,NSW,Australia,9.0
3752,3753,Ebony,Peagrim,Female,16,1997-08-21,Office Assistant II,Manufacturing,Mass Customer,N,No,3.0,549 Randy Point,2560.0,NSW,Australia,7.0
3753,3754,Emmy,MacGibbon,Female,74,1961-02-16,Chief Design Engineer,Telecommunications,Mass Customer,N,No,19.0,09295 Judy Terrace,2753.0,NSW,Australia,8.0
3754,3755,Stephen,Garnar,Male,38,1994-05-10,Chief Design Engineer,Financial Services,High Net Worth,N,Yes,7.0,78 Southridge Parkway,2257.0,NSW,Australia,9.0
3755,3756,Barry,Garnar,Male,22,1977-07-08,Information Systems Manager,Financial Services,Affluent Customer,N,No,10.0,04 Oakridge Drive,4123.0,QLD,Australia,9.0
3756,3757,Hyacinthia,Crain,Female,75,1999-09-12,Information Systems Manager,Financial Services,Affluent Customer,N,No,2.0,20101 Prentice Terrace,2074.0,NSW,Australia,11.0
3757,3758,Naomi,Whiles,Female,71,1959-07-30,Recruiting Manager,Telecommunications,Mass Customer,N,Yes,12.0,498 Golf Parkway,2144.0,NSW,Australia,10.0
3758,3759,Sue,Batstone,Female,68,1995-03-04,Programmer IV,Property,Mass Customer,N,Yes,4.0,23 West Crossing,3192.0,VIC,Australia,7.0
3759,3760,Bryana,Vennart,Female,73,1976-06-09,Biostatistician II,Financial Services,Mass Customer,N,No,18.0,011 Johnson Park,3121.0,VIC,Australia,11.0
3760,3761,Zarla,Seyers,Female,87,1973-07-20,Biostatistician II,Telecommunications,Mass Customer,N,Yes,13.0,5 Atwood Crossing,2321.0,NSW,Australia,3.0
3761,3762,Marinna,Ors,Female,48,1967-03-22,Quality Control Specialist,Property,Mass Customer,N,No,14.0,28008 Mesta Lane,2767.0,NSW,Australia,9.0
3762,3763,Law,Jore,Male,37,1981-01-27,Quality Control Specialist,Property,Affluent Customer,N,Yes,20.0,1 Dixon Way,3072.0,VIC,Australia,5.0
3763,3764,Nonie,Newson,Female,29,1957-05-06,Cost Accountant,Financial Services,Mass Customer,N,Yes,15.0,31446 5th Court,3064.0,VIC,Australia,4.0
3764,3765,Bobbe,Lomaz,Female,20,1963-06-01,Automation Specialist IV,Property,Mass Customer,N,No,18.0,8397 Holy Cross Parkway,2087.0,NSW,Australia,11.0
3765,3766,Marcos,Algar,Male,47,1970-04-13,Desktop Support Technician,Financial Services,Mass Customer,N,Yes,19.0,85958 Bartillon Way,3201.0,VIC,Australia,6.0
3766,3767,Man,Bigglestone,Male,25,1982-09-14,Web Developer IV,Financial Services,High Net Worth,N,No,16.0,877 Corben Center,2500.0,NSW,Australia,7.0
3767,3768,Christina,Grevatt,Female,44,1971-01-17,Senior Financial Analyst,Financial Services,Mass Customer,N,Yes,14.0,6 Maple Wood Junction,4012.0,QLD,Australia,7.0
3768,3769,Kerry,Wooldridge,Male,40,1993-01-19,Desktop Support Technician,Health,High Net Worth,N,Yes,5.0,5304 Oneill Pass,2117.0,NSW,Australia,10.0
3769,3770,Caddric,Ruddiforth,Male,54,1988-02-02,Legal Assistant,Argiculture,Mass Customer,N,No,17.0,884 Packers Junction,2034.0,NSW,Australia,10.0
3770,3771,Pippy,Matysiak,Female,78,1974-09-08,Electrical Engineer,Manufacturing,Mass Customer,N,No,17.0,95 East Road,2093.0,NSW,Australia,9.0
3771,3772,Anselma,Rennie,Female,45,1999-02-07,Physical Therapy Assistant,Manufacturing,Mass Customer,N,Yes,2.0,9932 Atwood Center,2011.0,NSW,Australia,10.0
3772,3773,Wadsworth,Ruselin,Male,44,1976-02-06,Accountant I,Manufacturing,Affluent Customer,N,Yes,18.0,1929 Crowley Drive,4034.0,QLD,Australia,7.0
3773,3774,Elizabeth,Christy,Female,38,1998-11-07,Statistician I,Property,High Net Worth,N,No,2.0,70 West Plaza,3020.0,VIC,Australia,8.0
3774,3775,Avie,Cleator,Female,16,1985-02-13,Recruiter,Health,Affluent Customer,N,No,8.0,7 Norway Maple Avenue,4172.0,QLD,Australia,5.0
3775,3776,Kennie,Baszniak,Male,46,1977-05-02,Recruiter,Retail,Mass Customer,N,Yes,19.0,54285 Annamark Way,3977.0,VIC,Australia,6.0
3776,3777,Letty,Giacobelli,Female,13,1969-06-12,Cost Accountant,Financial Services,High Net Worth,N,Yes,6.0,761 Carioca Drive,4226.0,QLD,Australia,7.0
3777,3778,Ilaire,Redborn,Male,99,1971-06-09,Dental Hygienist,Health,High Net Worth,N,No,10.0,69131 Kipling Alley,3351.0,VIC,Australia,4.0
3778,3779,Ulick,Daspar,Unspecified,68,1971-06-09,Desktop Support Technician,IT,Affluent Customer,N,No,10.65704063378482,3052 Green Drive,3142.0,VIC,Australia,11.0
3779,3780,Mitchel,Bellefant,Male,10,1993-11-01,Desktop Support Technician,Financial Services,High Net Worth,N,No,8.0,33331 Corry Road,2560.0,NSW,Australia,8.0
3780,3781,Karalee,Hosten,Female,30,1961-10-16,Graphic Designer,Retail,Mass Customer,N,Yes,12.0,69 Porter Parkway,4128.0,QLD,Australia,7.0
3781,3782,Elijah,Drillot,Male,12,1973-06-13,Environmental Specialist,Financial Services,Mass Customer,N,No,11.0,934 Dwight Park,2280.0,NSW,Australia,7.0
3782,3783,Eachelle,Girardey,Female,61,1974-08-29,Compensation Analyst,Financial Services,Mass Customer,N,No,7.0,27784 Hansons Trail,3078.0,VIC,Australia,11.0
3783,3784,Davie,Moscon,Male,56,1983-06-04,Compensation Analyst,Financial Services,High Net Worth,N,No,13.0,464 Acker Way,2756.0,NSW,Australia,9.0
3784,3785,Fernande,Jahan,Female,93,1969-04-09,Compensation Analyst,Financial Services,Affluent Customer,N,No,14.0,53533 Dakota Pass,2077.0,NSW,Australia,10.0
3785,3786,Barnie,Blenkensop,Male,12,1985-12-28,Systems Administrator IV,Financial Services,High Net Worth,N,No,22.0,546 Summerview Center,2074.0,NSW,Australia,11.0
3786,3787,Mariejeanne,Kelling,Female,1,1965-10-06,Systems Administrator III,Manufacturing,High Net Worth,N,No,6.0,1 Carey Crossing,2047.0,NSW,Australia,10.0
3787,3788,Wilie,Glanton,Female,73,1962-07-21,Environmental Specialist,Financial Services,Mass Customer,N,No,18.0,7524 David Place,2850.0,NSW,Australia,3.0
3788,3789,Conn,Westberg,Male,52,1956-08-08,Civil Engineer,Manufacturing,Mass Customer,N,Yes,6.0,7 Granby Crossing,3083.0,VIC,Australia,9.0
3789,3790,Kurtis,Morson,Male,91,1959-05-31,Senior Editor,Retail,Mass Customer,Y,Yes,9.0,8681 Dennis Pass,3215.0,VIC,Australia,3.0
3790,3791,Bertrand,Sissons,Male,17,1993-05-26,Quality Control Specialist,Health,Affluent Customer,N,No,6.0,1 Pankratz Circle,3083.0,VIC,Australia,8.0
3791,3792,Ingunna,Loxston,Female,81,1976-04-16,VP Marketing,Financial Services,Affluent Customer,N,Yes,5.0,9904 Oakridge Parkway,4370.0,QLD,Australia,3.0
3792,3793,Shannen,Pitcock,Female,49,1957-05-12,Engineer IV,Financial Services,Affluent Customer,N,Yes,15.0,249 Anderson Street,2153.0,NSW,Australia,10.0
3793,3794,Dorrie,Paige,Female,47,1994-07-06,Systems Administrator III,IT,Mass Customer,N,No,2.0,3463 Merchant Trail,3152.0,VIC,Australia,10.0
3794,3795,Taylor,Dollimore,Male,88,1956-06-24,Systems Administrator III,Argiculture,High Net Worth,N,Yes,5.0,699 Hudson Road,2138.0,NSW,Australia,9.0
3795,3796,Morgen,Sieghart,Male,51,1965-07-27,Paralegal,Financial Services,Mass Customer,N,Yes,9.0,9 Dwight Drive,2710.0,NSW,Australia,1.0
3796,3797,Kriste,Oldall,Female,76,1979-08-18,Occupational Therapist,Health,Affluent Customer,N,Yes,4.0,13 Colorado Lane,2099.0,NSW,Australia,9.0
3797,3798,Yorker,Dennison,Male,13,1968-02-22,Tax Accountant,Manufacturing,Mass Customer,N,Yes,17.0,39946 Kenwood Court,3070.0,VIC,Australia,9.0
3798,3799,Violetta,Monnery,Female,94,1971-01-28,Tax Accountant,Property,High Net Worth,N,No,18.0,72204 Springs Way,3104.0,VIC,Australia,12.0
3799,3800,Morena,Ayer,Female,19,1980-10-28,Environmental Tech,Property,High Net Worth,N,No,15.0,365 Jenifer Point,4116.0,QLD,Australia,7.0
3800,3801,Auberta,Andrault,Female,76,1971-03-06,Research Nurse,Health,Mass Customer,N,Yes,17.0,53 Texas Road,2262.0,NSW,Australia,7.0
3801,3802,Leila,Elcombe,Female,9,1970-10-27,Chief Design Engineer,Telecommunications,High Net Worth,N,Yes,5.0,6 Morningstar Park,2324.0,NSW,Australia,7.0
3802,3803,Josepha,Finder,Female,54,1961-05-13,Dental Hygienist,Health,Mass Customer,N,Yes,11.0,6901 Russell Street,3977.0,VIC,Australia,6.0
3803,3804,Andria,Keays,Female,23,1986-08-21,Software Test Engineer II,Manufacturing,Mass Customer,N,Yes,4.0,26 Barby Terrace,2263.0,NSW,Australia,6.0
3804,3805,Margaret,McSperrin,Female,52,1977-08-16,Software Test Engineer II,Property,Affluent Customer,N,No,4.0,23541 Dayton Drive,2177.0,NSW,Australia,9.0
3805,3806,Ado,Gailor,Male,1,1954-02-08,Analyst Programmer,Property,Mass Customer,N,No,7.0,81 Pine View Avenue,4208.0,QLD,Australia,5.0
3806,3807,Bibby,Goman,Female,73,1976-05-21,Analyst Programmer,Retail,Mass Customer,N,No,21.0,91 Dennis Plaza,4127.0,QLD,Australia,6.0
3807,3808,Cal,Wilber,Male,66,1969-10-11,Recruiting Manager,Manufacturing,Mass Customer,N,Yes,11.0,43 Hollow Ridge Center,3215.0,VIC,Australia,3.0
3808,3809,Angelita,Itzcovichch,Female,44,1955-09-08,VP Quality Control,Manufacturing,Affluent Customer,N,No,11.0,045 Debs Pass,3145.0,VIC,Australia,12.0
3809,3810,Cacilie,Grimoldby,Female,22,1974-09-05,Food Chemist,Health,Affluent Customer,N,No,5.0,73 Debra Terrace,2141.0,NSW,Australia,7.0
3810,3811,Etta,Leele,Female,60,1997-03-19,VP Product Management,Financial Services,High Net Worth,N,No,4.0,96899 Hermina Circle,2062.0,NSW,Australia,9.0
3811,3812,Sophie,Druhan,Female,91,1977-07-04,VP Product Management,Retail,Mass Customer,N,Yes,12.0,38 Trailsway Parkway,2118.0,NSW,Australia,11.0
3812,3813,Skelly,Caudell,Male,12,1979-04-13,Media Manager IV,IT,Mass Customer,N,Yes,6.0,22171 Bayside Parkway,2880.0,NSW,Australia,1.0
3813,3814,Constancia,Gebbe,Female,10,1983-07-01,VP Product Management,Financial Services,Mass Customer,N,Yes,11.0,6011 Knutson Way,3065.0,VIC,Australia,7.0
3814,3815,Jayson,Gasparro,Male,99,1981-04-19,Librarian,Entertainment,Mass Customer,N,Yes,5.0,0127 East Court,3199.0,VIC,Australia,5.0
3815,3816,Farra,Klimkiewich,Female,93,1969-10-26,Safety Technician I,Property,Mass Customer,N,Yes,18.0,1 Fordem Road,2144.0,NSW,Australia,9.0
3816,3817,Tuckie,Klimkiewich,Male,65,1957-05-02,VP Product Management,Manufacturing,High Net Worth,N,No,13.0,7681 Waywood Alley,3860.0,VIC,Australia,1.0
3817,3818,Erny,Andryushin,Male,5,1964-08-08,Sales Representative,Retail,Mass Customer,N,Yes,7.0,9 Donald Junction,2046.0,NSW,Australia,12.0
3818,3819,Alvan,Phillput,Male,62,1978-06-29,Staff Accountant I,Retail,High Net Worth,N,No,3.0,47855 Tomscot Parkway,2226.0,NSW,Australia,8.0
3819,3820,Maren,Ruske,Female,65,1980-03-08,Business Systems Development Analyst,IT,Mass Customer,N,No,17.0,394 Russell Avenue,2209.0,NSW,Australia,10.0
3820,3821,Cassandra,Cescotti,Female,96,1988-03-27,VP Marketing,Manufacturing,Affluent Customer,N,No,14.0,86 Claremont Junction,2135.0,NSW,Australia,7.0
3821,3822,Conny,Speechley,Male,37,1959-03-09,Budget/Accounting Analyst II,Manufacturing,High Net Worth,N,Yes,18.0,2 Transport Plaza,2658.0,NSW,Australia,1.0
3822,3823,Corabel,Todd,Female,5,1964-12-02,Budget/Accounting Analyst II,Retail,Affluent Customer,N,No,4.0,20 Susan Court,3015.0,VIC,Australia,10.0
3823,3824,Giffard,Stollman,Male,33,1994-11-21,Recruiting Manager,Property,Mass Customer,N,No,3.0,838 Redwing Street,2428.0,NSW,Australia,8.0
3824,3825,Cinda,Rounds,Female,82,1978-10-12,Recruiting Manager,Health,Mass Customer,N,No,11.0,9 West Crossing,2446.0,NSW,Australia,7.0
3825,3826,Marlow,Balffye,Male,33,1978-09-25,Dental Hygienist,Health,Mass Customer,N,No,7.0,22105 Arrowood Crossing,3124.0,VIC,Australia,7.0
3826,3827,Cherida,Whyffen,Female,10,1976-09-05,Dental Hygienist,Retail,Affluent Customer,N,No,8.0,9240 Green Avenue,3810.0,VIC,Australia,5.0
3827,3828,Tessy,Beefon,Female,81,1992-05-12,Dental Hygienist,Health,Mass Customer,N,No,6.0,0964 Bayside Park,3136.0,VIC,Australia,9.0
3828,3829,Cornie,Hillhouse,Male,68,1980-09-01,Account Coordinator,Health,Mass Customer,N,Yes,15.0,9717 Main Parkway,3052.0,VIC,Australia,8.0
3829,3830,Jareb,Filippucci,Male,92,1954-10-31,Sales Representative,Retail,High Net Worth,N,No,8.0,4123 Eliot Alley,4306.0,QLD,Australia,6.0
3830,3831,Kory,Mabson,Male,10,1971-06-09,Librarian,Entertainment,Affluent Customer,N,Yes,6.0,36708 Algoma Junction,2170.0,NSW,Australia,6.0
3831,3832,Sarajane,Mortimer,Female,30,1973-09-26,Safety Technician III,Financial Services,High Net Worth,N,No,9.0,3 Mandrake Parkway,2118.0,NSW,Australia,9.0
3832,3833,Jamie,Staziker,Female,88,1985-12-10,Account Coordinator,Manufacturing,Mass Customer,N,No,16.0,78 Declaration Center,2209.0,NSW,Australia,10.0
3833,3834,Bianca,Ricket,Female,59,1972-10-31,Compensation Analyst,Financial Services,Mass Customer,N,Yes,11.0,57866 Dawn Plaza,3029.0,VIC,Australia,7.0
3834,3835,Jorgan,Crosoer,Male,19,1959-02-02,Project Manager,Financial Services,Affluent Customer,N,No,16.0,0172 Vidon Place,3183.0,VIC,Australia,6.0
3835,3836,Jolee,Stearndale,Female,16,1995-01-25,Electrical Engineer,Manufacturing,Affluent Customer,N,Yes,7.0,89 Delaware Crossing,3754.0,VIC,Australia,6.0
3836,3837,Alysa,McDiarmid,Female,26,1990-01-17,Professor,Manufacturing,Mass Customer,N,Yes,17.0,34 Packers Trail,3168.0,VIC,Australia,10.0
3837,3838,Mil,Clemitt,Female,59,1987-03-24,Sales Associate,Financial Services,Affluent Customer,N,Yes,4.0,019 Huxley Drive,3807.0,VIC,Australia,8.0
3838,3839,Wallie,Christauffour,Female,78,1992-04-25,Account Executive,Manufacturing,High Net Worth,N,Yes,2.0,862 Ilene Circle,2206.0,NSW,Australia,11.0
3839,3840,Marc,Torrans,Male,27,1962-09-30,Desktop Support Technician,Manufacturing,High Net Worth,N,No,5.0,420 Twin Pines Crossing,3338.0,VIC,Australia,3.0
3840,3841,Barnebas,Munro,Male,64,1990-01-24,Desktop Support Technician,Manufacturing,Affluent Customer,N,No,10.0,5131 Northview Hill,3177.0,VIC,Australia,3.0
3841,3842,Van,Durnell,Male,24,1971-07-11,Staff Accountant II,Manufacturing,Mass Customer,N,Yes,12.0,713 Redwing Crossing,2121.0,NSW,Australia,11.0
3842,3843,Mahmoud,Ligerton,Male,0,1989-06-06,Senior Financial Analyst,Financial Services,Mass Customer,N,Yes,16.0,9570 Sundown Trail,4073.0,QLD,Australia,8.0
3843,3844,Clotilda,Oret,Female,87,1987-12-06,Legal Assistant,Manufacturing,Affluent Customer,N,No,15.0,72258 Bayside Court,4211.0,QLD,Australia,7.0
3844,3845,Bonnie,Goracci,Female,72,1955-06-07,Legal Assistant,Manufacturing,Mass Customer,N,Yes,5.0,31 Melvin Park,4163.0,QLD,Australia,8.0
3845,3846,Nariko,McClymont,Female,57,1956-03-12,Geologist III,Manufacturing,Mass Customer,N,No,15.0,9 Duke Alley,4557.0,QLD,Australia,7.0
3846,3847,Erinn,Ewing,Female,8,1961-02-12,Analyst Programmer,Health,Mass Customer,N,Yes,14.0,38473 Waubesa Alley,2759.0,NSW,Australia,8.0
3847,3848,Luca,Cabotto,Male,4,1958-01-13,Structural Engineer,Health,High Net Worth,N,No,13.0,0056 Corry Center,2220.0,NSW,Australia,11.0
3848,3849,Marice,Morrice,Female,2,1968-01-01,Database Administrator III,Property,Mass Customer,N,Yes,15.0,99476 Mitchell Street,2508.0,NSW,Australia,10.0
3849,3850,Alexandro,McCullock,Male,55,2000-01-07,Accountant III,Property,Mass Customer,N,Yes,2.0,37 Hintze Center,4011.0,QLD,Australia,11.0
3850,3851,Fowler,Bauduccio,Male,5,1994-11-30,Senior Sales Associate,Manufacturing,High Net Worth,N,No,3.0,33061 Fremont Lane,4720.0,QLD,Australia,3.0
3851,3852,Zerk,Merrien,Male,44,1982-02-04,Help Desk Operator,Manufacturing,Mass Customer,N,No,4.0,56 Trailsway Street,4575.0,QLD,Australia,4.0
3852,3853,Kerri,Marrington,Female,91,1975-06-26,Accounting Assistant IV,Manufacturing,Mass Customer,N,Yes,19.0,5748 Porter Circle,4352.0,QLD,Australia,8.0
3853,3854,Melody,Ivanilov,Female,47,1996-01-16,VP Quality Control,Property,High Net Worth,N,Yes,2.0,341 Katie Junction,4817.0,QLD,Australia,4.0
3854,3855,Brnaby,Doughtery,Male,89,1965-02-26,General Manager,Property,Mass Customer,N,No,16.0,20370 Fordem Pass,4825.0,QLD,Australia,4.0
3855,3856,Shane,Haseldine,Female,74,1992-04-24,Accounting Assistant III,Property,Affluent Customer,N,No,7.0,30 Prairie Rose Road,2761.0,NSW,Australia,7.0
3856,3857,Tanner,McCuthais,Male,64,1985-11-26,Structural Engineer,Financial Services,Mass Customer,N,Yes,10.0,79 Holy Cross Hill,2145.0,NSW,Australia,7.0
3857,3858,Sabina,Tarbin,Female,57,1998-08-31,Librarian,Entertainment,Mass Customer,N,Yes,1.0,6489 Pennsylvania Road,2164.0,NSW,Australia,9.0
3858,3859,Boonie,Searle,Male,81,1956-03-20,Software Consultant,Manufacturing,Mass Customer,N,No,14.0,274 Bultman Park,2566.0,NSW,Australia,7.0
3859,3860,Sheila-kathryn,Conklin,Female,14,1986-04-05,Mechanical Systems Engineer,Manufacturing,Affluent Customer,N,Yes,13.0,832 Moulton Trail,2560.0,NSW,Australia,8.0
3860,3861,Thayne,Canepe,Male,87,1968-12-16,Junior Executive,Retail,Affluent Customer,N,No,9.0,1628 Bonner Hill,2480.0,NSW,Australia,3.0
3861,3862,Casey,Kett,Female,1,1996-09-22,Structural Engineer,Health,Mass Customer,N,No,4.0,0618 5th Place,3189.0,VIC,Australia,10.0
3862,3863,Virgilio,Haverty,Male,30,1985-12-06,Quality Control Specialist,Retail,High Net Worth,N,No,20.0,4662 Clemons Road,4270.0,QLD,Australia,8.0
3863,3864,Ilyssa,Piaggia,Female,23,1963-08-27,Help Desk Technician,Retail,Mass Customer,N,Yes,10.0,0 Arapahoe Court,4305.0,QLD,Australia,3.0
3864,3865,Urbanus,Fuxman,Male,49,1978-03-15,Structural Engineer,Manufacturing,Mass Customer,N,Yes,11.0,3748 Lake View Lane,2590.0,NSW,Australia,1.0
3865,3866,Theressa,Morfield,Female,56,1990-07-18,Structural Engineer,Health,Mass Customer,N,Yes,9.0,3720 Anniversary Court,4812.0,QLD,Australia,2.0
3866,3867,Carmelia,Klimentyonok,Female,14,1998-10-09,Geologist II,IT,Mass Customer,N,Yes,1.0,85 Trailsway Road,3175.0,VIC,Australia,9.0
3867,3868,Rica,Corrado,Female,60,1997-06-19,Social Worker,Health,Affluent Customer,N,Yes,4.0,388 Karstens Drive,2428.0,NSW,Australia,5.0
3868,3869,Amalie,Isabell,Female,58,1974-12-22,Analog Circuit Design manager,Manufacturing,Affluent Customer,N,No,13.0,6 Swallow Park,2165.0,NSW,Australia,7.0
3869,3870,Fidelia,Cess,Female,31,1984-10-13,Social Worker,Health,Mass Customer,N,No,5.0,80070 Mockingbird Center,2289.0,NSW,Australia,8.0
3870,3871,Magda,Shugg,Female,80,1983-11-13,Recruiting Manager,Health,Mass Customer,N,No,4.0,6 Veith Road,4118.0,QLD,Australia,4.0
3871,3872,Wilma,Budcock,Female,14,1957-05-15,Sales Representative,Retail,High Net Worth,N,Yes,12.0,1323 Maywood Plaza,2226.0,NSW,Australia,10.0
3872,3873,Sascha,Paolozzi,Male,32,1978-12-05,Compensation Analyst,Financial Services,Mass Customer,N,No,11.0,17504 Spohn Center,2756.0,NSW,Australia,9.0
3873,3874,Bendicty,Juste,Male,47,1963-08-14,Actuary,Financial Services,Mass Customer,N,No,19.0,02084 Rockefeller Crossing,2150.0,NSW,Australia,7.0
3874,3875,Berti,Arnould,Male,2,1985-07-27,Electrical Engineer,Manufacturing,Mass Customer,N,Yes,5.0,16 Montana Way,2478.0,NSW,Australia,7.0
3875,3876,Willow,Cutmere,Female,22,1967-05-16,Internal Auditor,Financial Services,High Net Worth,N,No,16.0,2 Victoria Crossing,3280.0,VIC,Australia,2.0
3876,3877,Georgine,Poutress,Female,55,1971-01-28,Account Coordinator,Financial Services,High Net Worth,N,No,11.0,0733 Comanche Crossing,2304.0,NSW,Australia,6.0
3877,3878,Waldon,Digges,Male,99,1978-02-24,Programmer III,Financial Services,Mass Customer,N,No,9.0,75322 Prentice Court,3046.0,VIC,Australia,9.0
3878,3879,Vin,Attack,Male,74,1979-08-28,Payment Adjustment Coordinator,Financial Services,High Net Worth,N,No,19.0,2 Gerald Street,2071.0,NSW,Australia,11.0
3879,3880,Donella,Disley,Female,77,1968-01-13,Web Designer I,Manufacturing,Mass Customer,N,No,14.0,2079 Del Sol Hill,2761.0,NSW,Australia,8.0
3880,3881,Olivie,Nazair,Female,50,1971-01-12,Human Resources Assistant III,Financial Services,Affluent Customer,N,No,18.0,9 Columbus Pass,2327.0,NSW,Australia,3.0
3881,3882,Nona,Tubb,Female,18,1976-11-05,Human Resources Assistant III,Health,Mass Customer,N,Yes,9.0,465 Russell Court,2282.0,NSW,Australia,9.0
3882,3883,Nissa,Conrad,Unspecified,35,1976-11-05,Legal Assistant,IT,Mass Customer,N,No,10.65704063378482,344 Dayton Drive,2148.0,NSW,Australia,9.0
3883,3884,Sibley,Thirlwall,Female,69,1986-02-06,Web Designer II,Manufacturing,High Net Worth,N,Yes,18.0,7 Beilfuss Center,2550.0,NSW,Australia,4.0
3884,3885,Asher,Thirlwall,Male,55,1978-06-17,Actuary,Financial Services,Mass Customer,N,Yes,8.0,78 Barnett Alley,2154.0,NSW,Australia,11.0
3885,3886,Fidela,Haresign,Female,74,1996-03-26,Recruiting Manager,Manufacturing,Affluent Customer,N,No,5.0,4 Emmet Avenue,4300.0,QLD,Australia,1.0
3886,3887,Dulcie,Nealon,Female,66,1964-07-16,Computer Systems Analyst IV,Manufacturing,Affluent Customer,N,No,7.0,1728 Springview Lane,4509.0,QLD,Australia,6.0
3887,3888,Lusa,Vigers,Female,4,1987-09-13,Programmer Analyst I,IT,High Net Worth,N,Yes,11.0,25413 Delaware Pass,3150.0,VIC,Australia,12.0
3888,3889,Dunn,Ziem,Male,39,1975-08-09,General Manager,Retail,Affluent Customer,N,No,18.0,23217 Waubesa Pass,2705.0,NSW,Australia,1.0
3889,3890,Mavra,Padell,Female,72,1962-05-25,Physical Therapy Assistant,Retail,Mass Customer,N,No,10.0,013 Mendota Parkway,2558.0,NSW,Australia,9.0
3890,3891,Amalea,Elcy,Female,61,1977-08-01,Staff Accountant II,Retail,High Net Worth,N,Yes,7.0,7482 Hanson Park,2567.0,NSW,Australia,5.0
3891,3892,Roma,Finlater,Male,19,1978-01-29,Staff Scientist,Retail,Mass Customer,N,Yes,15.0,2428 Sloan Circle,2763.0,NSW,Australia,9.0
3892,3893,Hadria,Moles,Female,7,1996-11-18,Health Coach II,Retail,High Net Worth,N,Yes,4.0,34329 Heffernan Plaza,3178.0,VIC,Australia,7.0
3893,3894,Burgess,Diaper,Male,70,1982-02-02,Health Coach II,IT,Affluent Customer,N,No,10.0,15 Duke Plaza,3013.0,VIC,Australia,8.0
3894,3895,Reginald,Struys,Male,18,1994-09-06,Business Systems Development Analyst,IT,Affluent Customer,N,Yes,2.0,4368 Dayton Street,2753.0,NSW,Australia,10.0
3895,3896,Perla,Blakiston,Female,3,1979-10-15,Tax Accountant,IT,Mass Customer,N,Yes,13.0,3 Shasta Circle,2165.0,NSW,Australia,8.0
3896,3897,Vanni,McAloren,Female,36,1967-06-24,Junior Executive,Manufacturing,High Net Worth,N,Yes,5.0,6 Calypso Parkway,4161.0,QLD,Australia,5.0
3897,3898,Demetrius,Youdell,Male,91,1958-12-27,Registered Nurse,Health,Mass Customer,N,No,6.0,2 Cambridge Point,3173.0,VIC,Australia,9.0
3898,3899,Rex,Gittings,Male,23,1955-12-28,Research Associate,Health,Affluent Customer,N,Yes,6.0,55876 Knutson Point,3057.0,VIC,Australia,6.0
3899,3900,Garland,Wildsmith,Female,78,1986-09-01,GIS Technical Architect,Financial Services,Mass Customer,N,Yes,3.0,14 Bunting Alley,2073.0,NSW,Australia,12.0
3900,3901,Evelina,Bavin,Female,98,1974-05-14,Marketing Manager,Argiculture,High Net Worth,N,No,12.0,8458 Stang Parkway,2671.0,NSW,Australia,2.0
3901,3902,Angelia,McPake,Female,2,1961-02-11,Payment Adjustment Coordinator,Manufacturing,Affluent Customer,N,No,9.0,60 Towne Pass,2877.0,NSW,Australia,1.0
3902,3903,Dayna,Cawthera,Female,69,1981-02-13,Research Assistant III,Manufacturing,Mass Customer,N,Yes,17.0,5 Rutledge Center,4311.0,QLD,Australia,3.0
3903,3904,Arabelle,Nevill,Female,15,1977-12-17,Sales Representative,Retail,Affluent Customer,N,No,7.0,9 Blaine Place,3756.0,VIC,Australia,4.0
3904,3905,Leodora,Cowill,Female,72,1967-10-22,Product Engineer,Argiculture,High Net Worth,N,No,5.0,24688 Hollow Ridge Way,3064.0,VIC,Australia,7.0
3905,3906,Bronny,Claige,Male,87,1982-01-29,Cost Accountant,Financial Services,High Net Worth,N,No,13.0,32876 American Ash Avenue,2099.0,NSW,Australia,11.0
3906,3907,Adriana,Heam,Female,8,1996-01-11,Technical Writer,Financial Services,High Net Worth,N,Yes,5.0,18 Bay Place,2176.0,NSW,Australia,9.0
3907,3908,Dolf,Serridge,Male,64,1999-06-09,Junior Executive,Health,High Net Worth,N,No,1.0,4 Hanover Junction,3192.0,VIC,Australia,10.0
3908,3909,Micheil,McGeorge,Male,1,1987-10-04,VP Sales,Manufacturing,High Net Worth,N,Yes,18.0,0 Darwin Junction,2747.0,NSW,Australia,9.0
3909,3910,Hall,Leyfield,Male,38,1980-09-10,VP Sales,IT,Mass Customer,N,No,10.0,5251 Merrick Court,3103.0,VIC,Australia,8.0
3910,3911,Valeda,Ezele,Female,81,1954-05-25,Recruiting Manager,IT,Mass Customer,N,No,5.0,801 Shasta Crossing,2539.0,NSW,Australia,8.0
3911,3912,Ryon,Darridon,Male,89,1986-10-27,Social Worker,Health,Affluent Customer,N,No,22.0,55 Anzinger Drive,4152.0,QLD,Australia,9.0
3912,3913,Phylys,Neenan,Female,11,1959-12-29,Community Outreach Specialist,Retail,Mass Customer,N,Yes,6.0,13768 Commercial Trail,2155.0,NSW,Australia,10.0
3913,3914,Izabel,Roelofs,Female,79,1988-05-21,Assistant Manager,Entertainment,Affluent Customer,N,Yes,22.0,109 Kipling Road,2156.0,NSW,Australia,11.0
3914,3915,Cybil,Brombell,Female,17,1959-06-23,Statistician I,Financial Services,Affluent Customer,N,No,15.0,47 Spenser Circle,2770.0,NSW,Australia,7.0
3915,3916,Myrtia,Brombell,Female,31,1958-10-17,Chemical Engineer,Retail,Affluent Customer,N,Yes,17.0,15051 Monterey Street,2756.0,NSW,Australia,8.0
3916,3917,Artemas,Kyncl,Male,79,1997-12-26,Chemical Engineer,Manufacturing,Mass Customer,N,No,4.0,7365 Carioca Hill,4680.0,QLD,Australia,4.0
3917,3918,Rosalia,Skedge,Female,52,1977-07-05,Junior Executive,Manufacturing,High Net Worth,N,No,18.0,42 Maryland Plaza,2486.0,NSW,Australia,5.0
3918,3919,Traci,Beeckx,Female,38,1963-07-30,Cost Accountant,Financial Services,High Net Worth,N,No,18.0,802 Bashford Hill,3150.0,VIC,Australia,10.0
3919,3920,Filbert,Deetlefs,Male,90,1961-01-21,Environmental Specialist,Telecommunications,Mass Customer,N,Yes,9.0,12548 Eagan Court,2768.0,NSW,Australia,9.0
3920,3921,Gaby,Lozano,Female,93,1976-03-09,Mechanical Systems Engineer,Manufacturing,High Net Worth,N,No,10.0,24167 Montana Place,2065.0,NSW,Australia,12.0
3921,3922,Frans,Whitecross,Male,90,1981-05-29,Tax Accountant,Financial Services,Mass Customer,N,Yes,3.0,0 Southridge Drive,4311.0,QLD,Australia,1.0
3922,3923,Shay,Rayer,Male,90,1978-01-04,Product Engineer,Financial Services,High Net Worth,N,No,16.0,1 Banding Way,4218.0,QLD,Australia,8.0
3923,3924,Perry,Lampert,Male,72,1976-07-03,Editor,Property,High Net Worth,N,Yes,10.0,259 Union Junction,3107.0,VIC,Australia,10.0
3924,3925,Cally,Chaim,Female,81,1978-11-25,Statistician I,Property,High Net Worth,N,No,7.0,7727 Merrick Parkway,2099.0,NSW,Australia,11.0
3925,3926,Allistir,Heckney,Male,24,1954-09-04,Account Executive,Manufacturing,Mass Customer,N,Yes,18.0,3015 Bowman Alley,2777.0,NSW,Australia,9.0
3926,3927,Conway,Heckney,Male,29,1978-01-07,Electrical Engineer,Manufacturing,Mass Customer,N,Yes,7.0,2 Annamark Park,2170.0,NSW,Australia,9.0
3927,3928,Kristin,Way,Female,71,1982-04-16,Senior Editor,Property,Affluent Customer,N,Yes,6.0,38 Steensland Circle,2234.0,NSW,Australia,10.0
3928,3929,Jacqui,Fortnam,Female,50,1989-10-18,Senior Editor,Property,Affluent Customer,N,Yes,10.0,80 Northland Place,4178.0,QLD,Australia,8.0
3929,3930,Blancha,Baldi,Female,43,1988-01-06,Senior Editor,Financial Services,High Net Worth,N,No,22.0,104 Kingsford Park,2154.0,NSW,Australia,9.0
3930,3931,Kylie,Epine,Unspecified,19,1988-01-06,Senior Editor,IT,High Net Worth,N,Yes,10.65704063378482,22 Mifflin Junction,2096.0,NSW,Australia,9.0
3931,3932,Hadley,Veracruysse,Male,85,1986-07-10,Senior Editor,Financial Services,Mass Customer,N,No,11.0,60272 Montana Drive,2223.0,NSW,Australia,8.0
3932,3933,Chiarra,Cops,Female,65,1983-07-05,Sales Associate,Financial Services,High Net Worth,N,Yes,10.0,730 Judy Drive,3939.0,VIC,Australia,2.0
3933,3934,Cherice,Wehner,Female,38,1977-11-25,Sales Associate,Manufacturing,Mass Customer,N,Yes,16.0,1269 Esch Parkway,4078.0,QLD,Australia,6.0
3934,3935,Teodor,Alfonsini,Unspecified,72,1977-11-25,Paralegal,IT,High Net Worth,N,Yes,10.65704063378482,3 Kedzie Center,3106.0,VIC,Australia,10.0
3935,3936,Rodd,Spare,Male,57,1960-05-04,Paralegal,Financial Services,Affluent Customer,N,Yes,16.0,67473 Nova Avenue,3089.0,VIC,Australia,10.0
3936,3937,Brennen,Mularkey,Male,81,1978-06-07,Tax Accountant,Property,Mass Customer,N,No,12.0,866 Canary Drive,2750.0,NSW,Australia,8.0
3937,3938,Dulcy,Wormleighton,Female,25,1973-08-06,Account Executive,Financial Services,High Net Worth,N,Yes,9.0,20 Dwight Junction,2768.0,NSW,Australia,10.0
3938,3939,Georges,Dumbelton,Male,67,1981-06-25,Sales Representative,Manufacturing,Affluent Customer,N,No,15.0,0900 Northport Point,2085.0,NSW,Australia,11.0
3939,3940,Anna,Warmington,Female,9,1977-11-18,Sales Representative,Retail,Mass Customer,N,No,9.0,572 Buena Vista Plaza,2111.0,NSW,Australia,9.0
3940,3941,Cinnamon,Batram,Female,27,1978-05-03,Technical Writer,Manufacturing,Mass Customer,N,Yes,11.0,695 Anthes Crossing,4350.0,QLD,Australia,2.0
3941,3942,Barbie,Gergler,Female,82,1965-04-02,Administrative Officer,Manufacturing,Mass Customer,N,No,12.0,62 Luster Avenue,2036.0,NSW,Australia,11.0
3942,3943,Adler,Dredge,Male,19,1997-12-30,VP Accounting,Financial Services,Affluent Customer,N,No,2.0,819 Basil Plaza,4053.0,QLD,Australia,8.0
3943,3944,Urbain,Sinnock,Male,28,1973-05-04,Engineer III,IT,Affluent Customer,N,No,3.0,81 Monument Avenue,2126.0,NSW,Australia,12.0
3944,3945,Lazarus,Donaghy,Male,77,1994-10-21,GIS Technical Architect,Retail,High Net Worth,N,No,7.0,093 Mallard Hill,4034.0,QLD,Australia,7.0
3945,3946,Wylie,FitzGilbert,Male,85,1960-06-23,GIS Technical Architect,Retail,High Net Worth,N,Yes,10.0,903 Sauthoff Plaza,2565.0,NSW,Australia,8.0
3946,3947,Tanitansy,McTrustam,Female,26,1970-05-12,GIS Technical Architect,Retail,Mass Customer,N,No,12.0,9796 Pearson Hill,2223.0,NSW,Australia,4.0
3947,3948,Roberto,Beinke,Male,44,1986-06-22,Occupational Therapist,Health,Mass Customer,N,No,13.0,950 Algoma Circle,3108.0,VIC,Australia,9.0
3948,3949,Costa,Sleightholm,Male,24,2001-12-19,Web Designer IV,Manufacturing,High Net Worth,N,Yes,1.0,28 Toban Center,3756.0,VIC,Australia,2.0
3949,3950,Alic,Juniper,Male,72,1968-09-07,Senior Financial Analyst,Financial Services,High Net Worth,N,Yes,12.0,147 Brickson Park Drive,4017.0,QLD,Australia,7.0
3950,3951,Ephrem,Hollerin,Male,39,1975-02-10,Quality Control Specialist,Financial Services,Affluent Customer,N,Yes,9.0,75251 Marquette Lane,4122.0,QLD,Australia,7.0
3951,3952,Di,Borsnall,Female,96,1968-05-09,Help Desk Operator,Manufacturing,Affluent Customer,N,No,10.0,72 Briar Crest Hill,3148.0,VIC,Australia,10.0
3952,3953,Allyson,Simak,Female,79,1999-06-18,Help Desk Operator,Health,Affluent Customer,N,Yes,2.0,201 Valley Edge Park,3030.0,VIC,Australia,5.0
3953,3954,Archaimbaud,McAteer,Male,63,2000-02-03,Human Resources Assistant III,Financial Services,High Net Worth,N,No,2.0,6031 Susan Terrace,4118.0,QLD,Australia,5.0
3954,3955,Dido,Austick,Female,87,1970-08-05,Geologist II,Argiculture,Mass Customer,N,Yes,7.0,724 Erie Way,3500.0,VIC,Australia,2.0
3955,3956,Hector,Poundsford,Male,54,1957-01-17,Administrative Assistant III,Retail,Mass Customer,N,Yes,12.0,86906 Hauk Trail,4163.0,QLD,Australia,8.0
3956,3957,Bernice,Scotchforth,Female,4,1978-07-20,Business Systems Development Analyst,Retail,High Net Worth,N,Yes,14.0,85999 Cherokee Street,2086.0,NSW,Australia,11.0
3957,3958,Pincus,Woodard,Male,8,1970-04-27,Actuary,Financial Services,Affluent Customer,N,Yes,16.0,50774 Dennis Park,3631.0,VIC,Australia,3.0
3958,3959,Dannie,Sowray,Male,76,1992-12-07,Recruiter,Financial Services,Mass Customer,N,No,3.0,64 Trailsway Place,3802.0,VIC,Australia,7.0
3959,3960,Hobart,Burgan,Male,6,2000-03-16,Recruiter,Property,Mass Customer,N,No,1.0,95228 Forster Road,3085.0,VIC,Australia,9.0
3960,3961,Gertie,Caser,Female,11,1992-07-05,Recruiter,Health,High Net Worth,N,Yes,5.0,388 Shoshone Trail,2234.0,NSW,Australia,10.0
3961,3962,Benoit,Caser,Male,17,1977-10-06,Project Manager,Argiculture,High Net Worth,N,Yes,14.0,67 Lakewood Gardens Circle,2506.0,NSW,Australia,7.0
3962,3963,Ardelle,Dasent,Female,10,1954-08-22,Software Test Engineer II,Argiculture,Mass Customer,N,No,13.0,98 Transport Plaza,2470.0,NSW,Australia,2.0
3963,3964,Aubrey,Souten,Female,28,1956-07-21,Sales Associate,Manufacturing,High Net Worth,N,No,5.0,35 Larry Plaza,2093.0,NSW,Australia,9.0
3964,3965,Susannah,Dumphy,Female,39,1984-07-24,Speech Pathologist,Manufacturing,Mass Customer,N,Yes,13.0,9 Hooker Street,2770.0,NSW,Australia,7.0
3965,3966,Astrix,Sigward,Female,53,1968-09-15,Geologist I,Manufacturing,Mass Customer,N,Yes,11.0,4 Debra Hill,3106.0,VIC,Australia,10.0
3966,3967,Lillis,Dobrowolski,Female,90,1978-04-18,Senior Editor,Manufacturing,Affluent Customer,N,No,7.0,41 Superior Crossing,2747.0,NSW,Australia,8.0
3967,3968,Alexandra,Kroch,Female,99,1977-12-22,Accountant II,Property,High Net Worth,N,No,22.0,721 Morrow Plaza,2069.0,NSW,Australia,12.0
3968,3969,Randee,Penchen,Female,93,1977-07-16,Accountant II,Manufacturing,Affluent Customer,N,Yes,10.0,8578 Mifflin Pass,2170.0,NSW,Australia,5.0
3969,3970,Modesty,Storks,Female,73,1969-11-27,Sales Representative,Retail,High Net Worth,N,Yes,12.0,02 Fair Oaks Lane,3977.0,VIC,Australia,7.0
3970,3971,Analise,Asbrey,Female,2,1979-01-14,Desktop Support Technician,Financial Services,High Net Worth,N,No,16.0,910 Becker Pass,2526.0,NSW,Australia,8.0
3971,3972,Maribelle,Schaffel,Female,6,1979-03-28,Editor,Retail,Mass Customer,N,No,8.0,08 Dennis Crossing,3184.0,VIC,Australia,11.0
3972,3973,Carolan,Jorez,Female,24,1963-07-13,Editor,Manufacturing,High Net Worth,N,No,17.0,4 Express Plaza,2191.0,NSW,Australia,10.0
3973,3974,Misha,Ranklin,Female,82,1961-02-11,Technical Writer,Manufacturing,Affluent Customer,N,Yes,9.0,81609 Vernon Terrace,3934.0,VIC,Australia,8.0
3974,3975,Dianemarie,Kidgell,Female,2,1971-08-11,Administrative Assistant I,Entertainment,Affluent Customer,N,No,18.0,37 Hintze Court,2168.0,NSW,Australia,9.0
3975,3976,Gretel,Chrystal,Female,0,1957-11-20,Internal Auditor,Entertainment,Affluent Customer,N,Yes,13.0,07 Morning Court,3805.0,VIC,Australia,7.0
3976,3977,Katrinka,Van der Beken,Female,31,1965-08-21,Biostatistician II,Manufacturing,Mass Customer,N,Yes,16.0,327 Loeprich Street,3187.0,VIC,Australia,11.0
3977,3978,Kathlin,Robker,Female,4,1972-03-02,Developer II,Financial Services,Mass Customer,N,No,5.0,5106 Northridge Drive,2560.0,NSW,Australia,7.0
3978,3979,Kleon,Adam,Male,67,1974-07-13,Web Designer I,Financial Services,Mass Customer,N,Yes,18.0,9754 High Crossing Terrace,2148.0,NSW,Australia,8.0
3979,3980,Nils,McGebenay,Male,41,1964-01-16,Web Designer I,Manufacturing,Mass Customer,N,No,12.0,7 Meadow Vale Court,2114.0,NSW,Australia,10.0
3980,3981,Konstance,Draye,Female,34,1994-09-10,Quality Control Specialist,Health,Mass Customer,N,No,1.0,80260 Morning Road,3178.0,VIC,Australia,9.0
3981,3982,Maurita,O'Kinedy,Female,89,1962-06-02,General Manager,Manufacturing,Mass Customer,N,Yes,12.0,38017 Briar Crest Drive,2165.0,NSW,Australia,9.0
3982,3983,Jarred,Lyste,Male,19,1965-04-21,Graphic Designer,Manufacturing,Mass Customer,N,Yes,9.0,60 Morningstar Center,2126.0,NSW,Australia,10.0
3983,3984,Thadeus,Buxsey,Male,74,1960-02-16,Librarian,Entertainment,Affluent Customer,N,No,10.0,218 Stuart Junction,2223.0,NSW,Australia,10.0
3984,3985,Caryn,Padbury,Female,44,1998-06-21,Web Developer IV,Property,Mass Customer,N,No,4.0,9 Butterfield Lane,4077.0,QLD,Australia,5.0
3985,3986,Oralle,Petrello,Female,1,1976-12-01,Social Worker,Health,Mass Customer,N,No,21.0,614 Burning Wood Way,2148.0,NSW,Australia,9.0
3986,3987,Beckie,Wakeham,Female,18,1964-05-29,Automation Specialist IV,Argiculture,Mass Customer,N,No,7.0,9 Grover Point,4218.0,QLD,Australia,10.0
3987,3988,Ammamaria,Ashburne,Female,97,1994-07-14,Automation Specialist IV,Health,Mass Customer,N,Yes,1.0,565 Bunting Park,2076.0,NSW,Australia,11.0
3988,3989,Nicolas,Burdass,Male,75,1999-06-23,Environmental Specialist,Argiculture,Affluent Customer,N,Yes,1.0,9461 Saint Paul Trail,2428.0,NSW,Australia,2.0
3989,3990,Reynard,Hagger,Male,99,1998-03-05,Desktop Support Technician,Health,High Net Worth,N,No,1.0,5204 Delaware Pass,2560.0,NSW,Australia,8.0
3990,3991,Rolph,Sweetnam,Male,61,1985-08-06,Chief Design Engineer,Manufacturing,Mass Customer,N,Yes,13.0,24 Scott Pass,4300.0,QLD,Australia,5.0
3991,3992,Germain,Tireman,Male,99,1980-04-02,Database Administrator IV,Manufacturing,Affluent Customer,N,Yes,18.0,8 Randy Parkway,2209.0,NSW,Australia,11.0
3992,3993,Andi,Dumelow,Female,6,1974-12-05,Librarian,Entertainment,Mass Customer,N,No,10.0,681 Elmside Place,3750.0,VIC,Australia,6.0
3993,3994,Stephie,Byars,Female,5,1989-04-07,Structural Analysis Engineer,Manufacturing,Affluent Customer,N,No,12.0,2918 Summer Ridge Hill,3030.0,VIC,Australia,2.0
3994,3995,Rusty,Iapico,Male,93,1975-12-12,Staff Scientist,Manufacturing,Mass Customer,N,Yes,14.0,613 Erie Lane,2088.0,NSW,Australia,12.0
3995,3996,Rosalia,Halgarth,Female,8,1975-08-09,VP Product Management,Health,Mass Customer,N,No,19.0,0 Transport Center,3977.0,VIC,Australia,6.0
3996,3997,Blanch,Nisuis,Female,87,2001-07-13,Statistician II,Manufacturing,High Net Worth,N,Yes,1.0,4 Dovetail Crossing,2350.0,NSW,Australia,2.0
3997,3998,Sarene,Woolley,Unspecified,60,2001-07-13,Assistant Manager,IT,High Net Worth,N,No,10.65704063378482,736 Roxbury Junction,2540.0,NSW,Australia,6.0
3998,3999,Patrizius,Woolley,Male,11,1973-10-24,Software Engineer IV,Manufacturing,Affluent Customer,N,Yes,10.0,1482 Hauk Trail,3064.0,VIC,Australia,3.0
3999,4000,Kippy,Oldland,Male,76,1991-11-05,Software Engineer IV,Manufacturing,Affluent Customer,N,No,11.0,57042 Village Green Point,4511.0,QLD,Australia,6.0
